Date,Adj Close,Close,High,Low,Open,Volume,Company
2024-01-02 00:00:00+00:00,184.7349853515625,185.63999938964844,188.44000244140625,183.88999938964844,187.14999389648438,82488700,Apple
2024-01-03 00:00:00+00:00,183.35174560546875,184.25,185.8800048828125,183.42999267578125,184.22000122070312,58414500,Apple
2024-01-04 00:00:00+00:00,181.02317810058594,181.91000366210938,183.08999633789062,180.8800048828125,182.14999389648438,71983600,Apple
2024-01-05 00:00:00+00:00,180.2967071533203,181.17999267578125,182.75999450683594,180.1699981689453,181.99000549316406,62303300,Apple
2024-01-08 00:00:00+00:00,184.65536499023438,185.55999755859375,185.60000610351562,181.5,182.08999633789062,59144500,Apple
2024-01-09 00:00:00+00:00,184.23741149902344,185.13999938964844,185.14999389648438,182.72999572753906,183.9199981689453,42841800,Apple
2024-01-10 00:00:00+00:00,185.2823028564453,186.19000244140625,186.39999389648438,183.9199981689453,184.35000610351562,46792900,Apple
2024-01-11 00:00:00+00:00,184.68521118164062,185.58999633789062,187.0500030517578,183.6199951171875,186.5399932861328,49128400,Apple
2024-01-12 00:00:00+00:00,185.01361083984375,185.9199981689453,186.74000549316406,185.19000244140625,186.05999755859375,40444700,Apple
2024-01-16 00:00:00+00:00,182.73477172851562,183.6300048828125,184.25999450683594,180.92999267578125,182.16000366210938,65603000,Apple
2024-01-17 00:00:00+00:00,181.78939819335938,182.67999267578125,182.92999267578125,180.3000030517578,181.27000427246094,47317400,Apple
2024-01-18 00:00:00+00:00,187.7104034423828,188.6300048828125,189.13999938964844,185.8300018310547,186.08999633789062,78005800,Apple
2024-01-19 00:00:00+00:00,190.62611389160156,191.55999755859375,191.9499969482422,188.82000732421875,189.3300018310547,68741000,Apple
2024-01-22 00:00:00+00:00,192.9447479248047,193.88999938964844,195.3300018310547,192.25999450683594,192.3000030517578,60133900,Apple
2024-01-23 00:00:00+00:00,194.22845458984375,195.17999267578125,195.75,193.8300018310547,195.02000427246094,42355600,Apple
2024-01-24 00:00:00+00:00,193.55177307128906,194.5,196.3800048828125,194.33999633789062,195.4199981689453,53631300,Apple
2024-01-25 00:00:00+00:00,193.22340393066406,194.1699981689453,196.27000427246094,193.11000061035156,195.22000122070312,54822100,Apple
2024-01-26 00:00:00+00:00,191.48193359375,192.4199981689453,194.75999450683594,191.94000244140625,194.27000427246094,44594000,Apple
2024-01-29 00:00:00+00:00,190.79527282714844,191.72999572753906,192.1999969482422,189.5800018310547,192.00999450683594,47145600,Apple
2024-01-30 00:00:00+00:00,187.12326049804688,188.0399932861328,191.8000030517578,187.47000122070312,190.94000244140625,55859400,Apple
2024-01-31 00:00:00+00:00,183.5010223388672,184.39999389648438,187.10000610351562,184.35000610351562,187.0399932861328,55467800,Apple
2024-02-01 00:00:00+00:00,185.94903564453125,186.86000061035156,186.9499969482422,183.82000732421875,183.99000549316406,64885400,Apple
2024-02-02 00:00:00+00:00,184.9439697265625,185.85000610351562,187.3300018310547,179.25,179.86000061035156,102518000,Apple
2024-02-05 00:00:00+00:00,186.76502990722656,187.67999267578125,189.25,185.83999633789062,188.14999389648438,69668800,Apple
2024-02-06 00:00:00+00:00,188.37713623046875,189.3000030517578,189.30999755859375,186.77000427246094,186.86000061035156,43490800,Apple
2024-02-07 00:00:00+00:00,188.48660278320312,189.41000366210938,191.0500030517578,188.61000061035156,190.63999938964844,53439000,Apple
2024-02-08 00:00:00+00:00,187.40191650390625,188.32000732421875,189.5399932861328,187.35000610351562,189.38999938964844,40962000,Apple
2024-02-09 00:00:00+00:00,188.1691436767578,188.85000610351562,189.99000549316406,188.0,188.64999389648438,45155200,Apple
2024-02-12 00:00:00+00:00,186.4752655029297,187.14999389648438,188.6699981689453,186.7899932861328,188.4199981689453,41781900,Apple
2024-02-13 00:00:00+00:00,184.37286376953125,185.0399932861328,186.2100067138672,183.50999450683594,185.77000427246094,56529500,Apple
2024-02-14 00:00:00+00:00,183.48606872558594,184.14999389648438,185.52999877929688,182.44000244140625,185.32000732421875,54630500,Apple
2024-02-15 00:00:00+00:00,183.19712829589844,183.86000061035156,184.49000549316406,181.35000610351562,183.5500030517578,65434500,Apple
2024-02-16 00:00:00+00:00,181.65269470214844,182.30999755859375,184.85000610351562,181.6699981689453,183.4199981689453,49701400,Apple
2024-02-20 00:00:00+00:00,180.90541076660156,181.55999755859375,182.42999267578125,180.0,181.7899932861328,53665600,Apple
2024-02-21 00:00:00+00:00,181.66268920898438,182.32000732421875,182.88999938964844,180.66000366210938,181.94000244140625,41529700,Apple
2024-02-22 00:00:00+00:00,183.70529174804688,184.3699951171875,184.9600067138672,182.4600067138672,183.47999572753906,52292200,Apple
2024-02-23 00:00:00+00:00,181.86195373535156,182.52000427246094,185.0399932861328,182.22999572753906,185.00999450683594,45119700,Apple
2024-02-26 00:00:00+00:00,180.50686645507812,181.16000366210938,182.75999450683594,180.64999389648438,182.24000549316406,40867400,Apple
2024-02-27 00:00:00+00:00,181.9715576171875,182.6300048828125,183.9199981689453,179.55999755859375,181.10000610351562,54318900,Apple
2024-02-28 00:00:00+00:00,180.7659149169922,181.4199981689453,183.1199951171875,180.1300048828125,182.50999450683594,48953900,Apple
2024-02-29 00:00:00+00:00,180.09832763671875,180.75,182.57000732421875,179.52999877929688,181.27000427246094,136682600,Apple
2024-03-01 00:00:00+00:00,179.0122833251953,179.66000366210938,180.52999877929688,177.3800048828125,179.5500030517578,73488000,Apple
2024-03-04 00:00:00+00:00,174.4687042236328,175.10000610351562,176.89999389648438,173.7899932861328,176.14999389648438,81510100,Apple
2024-03-05 00:00:00+00:00,169.5066680908203,170.1199951171875,172.0399932861328,169.6199951171875,170.75999450683594,95132400,Apple
2024-03-06 00:00:00+00:00,168.51025390625,169.1199951171875,171.24000549316406,168.67999267578125,171.05999755859375,68587700,Apple
2024-03-07 00:00:00+00:00,168.3907012939453,169.0,170.72999572753906,168.49000549316406,169.14999389648438,71765100,Apple
2024-03-08 00:00:00+00:00,170.1144561767578,170.72999572753906,173.6999969482422,168.94000244140625,169.0,76114600,Apple
2024-03-11 00:00:00+00:00,172.12718200683594,172.75,174.3800048828125,172.0500030517578,172.94000244140625,60139500,Apple
2024-03-12 00:00:00+00:00,172.60543823242188,173.22999572753906,174.02999877929688,171.00999450683594,173.14999389648438,59825400,Apple
2024-03-13 00:00:00+00:00,170.5130157470703,171.1300048828125,173.19000244140625,170.75999450683594,172.77000427246094,52488700,Apple
2024-03-14 00:00:00+00:00,172.37628173828125,173.0,174.30999755859375,172.0500030517578,172.91000366210938,72913500,Apple
2024-03-15 00:00:00+00:00,171.99765014648438,172.6199951171875,172.6199951171875,170.2899932861328,171.1699981689453,121664700,Apple
2024-03-18 00:00:00+00:00,173.09368896484375,173.72000122070312,177.7100067138672,173.52000427246094,175.57000732421875,75604200,Apple
2024-03-19 00:00:00+00:00,175.44515991210938,176.0800018310547,176.61000061035156,173.02999877929688,174.33999633789062,55215200,Apple
2024-03-20 00:00:00+00:00,178.0258331298828,178.6699981689453,178.6699981689453,175.08999633789062,175.72000122070312,53423100,Apple
2024-03-21 00:00:00+00:00,170.7521514892578,171.3699951171875,177.49000549316406,170.83999633789062,177.0500030517578,106181300,Apple
2024-03-22 00:00:00+00:00,171.65887451171875,172.27999877929688,173.0500030517578,170.05999755859375,171.75999450683594,71106600,Apple
2024-03-25 00:00:00+00:00,170.23403930664062,170.85000610351562,171.94000244140625,169.4499969482422,170.57000732421875,54288300,Apple
2024-03-26 00:00:00+00:00,169.09814453125,169.7100067138672,171.4199981689453,169.5800018310547,170.0,57388400,Apple
2024-03-27 00:00:00+00:00,172.68516540527344,173.30999755859375,173.60000610351562,170.11000061035156,170.41000366210938,60273300,Apple
2024-03-28 00:00:00+00:00,170.86175537109375,171.47999572753906,172.22999572753906,170.50999450683594,171.75,65672700,Apple
2024-04-01 00:00:00+00:00,169.41697692871094,170.02999877929688,171.25,169.47999572753906,171.19000244140625,46240500,Apple
2024-04-02 00:00:00+00:00,168.23126220703125,168.83999633789062,169.33999633789062,168.22999572753906,169.0800018310547,49329500,Apple
2024-04-03 00:00:00+00:00,169.03834533691406,169.64999389648438,170.67999267578125,168.5800018310547,168.7899932861328,47691700,Apple
2024-04-04 00:00:00+00:00,168.2113494873047,168.82000732421875,171.9199981689453,168.82000732421875,170.2899932861328,53704400,Apple
2024-04-05 00:00:00+00:00,168.96861267089844,169.5800018310547,170.38999938964844,168.9499969482422,169.58999633789062,42055200,Apple
2024-04-08 00:00:00+00:00,167.84268188476562,168.4499969482422,169.1999969482422,168.24000549316406,169.02999877929688,37425500,Apple
2024-04-09 00:00:00+00:00,169.0582733154297,169.6699981689453,170.0800018310547,168.35000610351562,168.6999969482422,42451200,Apple
2024-04-10 00:00:00+00:00,167.1750946044922,167.77999877929688,169.08999633789062,167.11000061035156,168.8000030517578,49709300,Apple
2024-04-11 00:00:00+00:00,174.40892028808594,175.0399932861328,175.4600067138672,168.16000366210938,168.33999633789062,91070300,Apple
2024-04-12 00:00:00+00:00,175.91348266601562,176.5500030517578,178.36000061035156,174.2100067138672,174.25999450683594,101593300,Apple
2024-04-15 00:00:00+00:00,172.0673828125,172.69000244140625,176.6300048828125,172.5,175.36000061035156,73531800,Apple
2024-04-16 00:00:00+00:00,168.7693328857422,169.3800048828125,173.75999450683594,168.27000427246094,171.75,73711200,Apple
2024-04-17 00:00:00+00:00,167.39430236816406,168.0,170.64999389648438,168.0,169.61000061035156,50901200,Apple
2024-04-18 00:00:00+00:00,166.43775939941406,167.0399932861328,168.63999938964844,166.5500030517578,168.02999877929688,43122900,Apple
2024-04-19 00:00:00+00:00,164.40512084960938,165.0,166.39999389648438,164.0800018310547,166.2100067138672,67772100,Apple
2024-04-22 00:00:00+00:00,165.24208068847656,165.83999633789062,167.25999450683594,164.77000427246094,165.52000427246094,48116400,Apple
2024-04-23 00:00:00+00:00,166.2982635498047,166.89999389648438,167.0500030517578,164.9199981689453,165.35000610351562,49537800,Apple
2024-04-24 00:00:00+00:00,168.41062927246094,169.02000427246094,169.3000030517578,166.2100067138672,166.5399932861328,48251800,Apple
2024-04-25 00:00:00+00:00,169.27749633789062,169.88999938964844,170.61000061035156,168.14999389648438,169.52999877929688,50558300,Apple
2024-04-26 00:00:00+00:00,168.6896209716797,169.3000030517578,171.33999633789062,169.17999267578125,169.8800048828125,44838400,Apple
2024-04-29 00:00:00+00:00,172.8744659423828,173.5,176.02999877929688,173.10000610351562,173.3699951171875,68169400,Apple
2024-04-30 00:00:00+00:00,169.71591186523438,170.3300018310547,174.99000549316406,170.0,173.3300018310547,65934800,Apple
2024-05-01 00:00:00+00:00,168.6896209716797,169.3000030517578,172.7100067138672,169.11000061035156,169.5800018310547,50383100,Apple
2024-05-02 00:00:00+00:00,172.4061737060547,173.02999877929688,173.4199981689453,170.88999938964844,172.50999450683594,94214900,Apple
2024-05-03 00:00:00+00:00,182.71884155273438,183.3800048828125,187.0,182.66000366210938,186.64999389648438,163224100,Apple
2024-05-06 00:00:00+00:00,181.0548858642578,181.7100067138672,184.1999969482422,180.4199981689453,182.35000610351562,78569700,Apple
2024-05-07 00:00:00+00:00,181.7423858642578,182.39999389648438,184.89999389648438,181.32000732421875,183.4499969482422,77305800,Apple
2024-05-08 00:00:00+00:00,182.08116149902344,182.74000549316406,183.07000732421875,181.4499969482422,182.85000610351562,45057100,Apple
2024-05-09 00:00:00+00:00,183.9045867919922,184.57000732421875,184.66000366210938,182.11000061035156,182.55999755859375,48983000,Apple
2024-05-10 00:00:00+00:00,182.63743591308594,183.0500030517578,185.08999633789062,182.1300048828125,184.89999389648438,50759500,Apple
2024-05-13 00:00:00+00:00,185.86013793945312,186.27999877929688,187.10000610351562,184.6199951171875,185.44000244140625,72044800,Apple
2024-05-14 00:00:00+00:00,187.00755310058594,187.42999267578125,188.3000030517578,186.2899932861328,187.50999450683594,52393600,Apple
2024-05-15 00:00:00+00:00,189.2924041748047,189.72000122070312,190.64999389648438,187.3699951171875,187.91000366210938,70400000,Apple
2024-05-16 00:00:00+00:00,189.41212463378906,189.83999633789062,191.10000610351562,189.66000366210938,190.47000122070312,52845200,Apple
2024-05-17 00:00:00+00:00,189.44204711914062,189.8699951171875,190.80999755859375,189.17999267578125,189.50999450683594,41282900,Apple
2024-05-20 00:00:00+00:00,190.6094207763672,191.0399932861328,191.9199981689453,189.00999450683594,189.3300018310547,44361300,Apple
2024-05-21 00:00:00+00:00,191.91647338867188,192.35000610351562,192.72999572753906,190.9199981689453,191.08999633789062,42309400,Apple
2024-05-22 00:00:00+00:00,190.4697265625,190.89999389648438,192.82000732421875,190.27000427246094,192.27000427246094,34648500,Apple
2024-05-23 00:00:00+00:00,186.45880126953125,186.8800048828125,191.0,186.6300048828125,190.97999572753906,51005900,Apple
2024-05-24 00:00:00+00:00,189.5518035888672,189.97999572753906,190.5800018310547,188.0399932861328,188.82000732421875,36294600,Apple
2024-05-28 00:00:00+00:00,189.56178283691406,189.99000549316406,193.0,189.10000610351562,191.50999450683594,52280100,Apple
2024-05-29 00:00:00+00:00,189.86111450195312,190.2899932861328,192.25,189.50999450683594,189.61000061035156,53068000,Apple
2024-05-30 00:00:00+00:00,190.85885620117188,191.2899932861328,192.17999267578125,190.6300048828125,190.75999450683594,49947900,Apple
2024-05-31 00:00:00+00:00,191.81668090820312,192.25,192.57000732421875,189.91000366210938,191.44000244140625,75158300,Apple
2024-06-03 00:00:00+00:00,193.59268188476562,194.02999877929688,194.99000549316406,192.52000427246094,192.89999389648438,50080500,Apple
2024-06-04 00:00:00+00:00,193.91195678710938,194.35000610351562,195.32000732421875,193.02999877929688,194.63999938964844,47471400,Apple
2024-06-05 00:00:00+00:00,195.42852783203125,195.8699951171875,196.89999389648438,194.8699951171875,195.39999389648438,54156800,Apple
2024-06-06 00:00:00+00:00,194.0416717529297,194.47999572753906,196.5,194.1699981689453,195.69000244140625,41181800,Apple
2024-06-07 00:00:00+00:00,196.44622802734375,196.88999938964844,196.94000244140625,194.13999938964844,194.64999389648438,53103900,Apple
2024-06-10 00:00:00+00:00,192.68472290039062,193.1199951171875,197.3000030517578,192.14999389648438,196.89999389648438,97262100,Apple
2024-06-11 00:00:00+00:00,206.68310546875,207.14999389648438,207.16000366210938,193.6300048828125,193.64999389648438,172373300,Apple
2024-06-12 00:00:00+00:00,212.58978271484375,213.07000732421875,220.1999969482422,206.89999389648438,207.3699951171875,198134300,Apple
2024-06-13 00:00:00+00:00,213.75714111328125,214.24000549316406,216.75,211.60000610351562,214.74000549316406,97862700,Apple
2024-06-14 00:00:00+00:00,212.01107788085938,212.49000549316406,215.1699981689453,211.3000030517578,213.85000610351562,70122700,Apple
2024-06-17 00:00:00+00:00,216.18165588378906,216.6699981689453,218.9499969482422,212.72000122070312,213.3699951171875,93728300,Apple
2024-06-18 00:00:00+00:00,213.8070068359375,214.2899932861328,218.6300048828125,213.0,217.58999633789062,79943300,Apple
2024-06-20 00:00:00+00:00,209.2073974609375,209.67999267578125,214.24000549316406,208.85000610351562,213.92999267578125,86172500,Apple
2024-06-21 00:00:00+00:00,207.02235412597656,207.49000549316406,211.88999938964844,207.11000061035156,210.38999938964844,246421400,Apple
2024-06-24 00:00:00+00:00,207.67088317871094,208.13999938964844,212.6999969482422,206.58999633789062,207.72000122070312,80727000,Apple
2024-06-25 00:00:00+00:00,208.59878540039062,209.07000732421875,211.3800048828125,208.61000061035156,209.14999389648438,56713900,Apple
2024-06-26 00:00:00+00:00,212.7693634033203,213.25,214.86000061035156,210.63999938964844,211.5,66213200,Apple
2024-06-27 00:00:00+00:00,213.61746215820312,214.10000610351562,215.74000549316406,212.35000610351562,214.69000244140625,49772700,Apple
2024-06-28 00:00:00+00:00,210.14527893066406,210.6199951171875,216.07000732421875,210.3000030517578,215.77000427246094,82542700,Apple
2024-07-01 00:00:00+00:00,216.261474609375,216.75,217.50999450683594,211.9199981689453,212.08999633789062,60402900,Apple
2024-07-02 00:00:00+00:00,219.77354431152344,220.27000427246094,220.3800048828125,215.10000610351562,216.14999389648438,58046200,Apple
2024-07-03 00:00:00+00:00,221.0506591796875,221.5500030517578,221.5500030517578,219.02999877929688,220.0,37369800,Apple
2024-07-05 00:00:00+00:00,225.82984924316406,226.33999633789062,226.4499969482422,221.64999389648438,221.64999389648438,60412400,Apple
2024-07-08 00:00:00+00:00,227.30653381347656,227.82000732421875,227.85000610351562,223.25,227.08999633789062,59085900,Apple
2024-07-09 00:00:00+00:00,228.16458129882812,228.67999267578125,229.39999389648438,226.3699951171875,227.92999267578125,48076100,Apple
2024-07-10 00:00:00+00:00,232.45489501953125,232.97999572753906,233.0800018310547,229.25,229.3000030517578,62627700,Apple
2024-07-11 00:00:00+00:00,227.05709838867188,227.57000732421875,232.38999938964844,225.77000427246094,231.38999938964844,64710600,Apple
2024-07-12 00:00:00+00:00,230.0203857421875,230.5399932861328,232.63999938964844,228.67999267578125,228.9199981689453,53046500,Apple
2024-07-15 00:00:00+00:00,233.87168884277344,234.39999389648438,237.22999572753906,233.08999633789062,236.47999572753906,62631300,Apple
2024-07-16 00:00:00+00:00,234.29074096679688,234.82000732421875,236.27000427246094,232.3300018310547,235.0,43234300,Apple
2024-07-17 00:00:00+00:00,228.3641357421875,228.8800048828125,231.4600067138672,226.63999938964844,229.4499969482422,57345900,Apple
2024-07-18 00:00:00+00:00,223.6747283935547,224.17999267578125,230.44000244140625,222.27000427246094,230.27999877929688,66034600,Apple
2024-07-19 00:00:00+00:00,223.80442810058594,224.30999755859375,226.8000030517578,223.27999877929688,224.82000732421875,49151500,Apple
2024-07-22 00:00:00+00:00,223.45523071289062,223.9600067138672,227.77999877929688,223.08999633789062,227.00999450683594,48201800,Apple
2024-07-23 00:00:00+00:00,224.5028533935547,225.00999450683594,226.94000244140625,222.67999267578125,224.3699951171875,39960300,Apple
2024-07-24 00:00:00+00:00,218.0474395751953,218.5399932861328,224.8000030517578,217.1300048828125,224.0,61777600,Apple
2024-07-25 00:00:00+00:00,216.99981689453125,217.49000549316406,220.85000610351562,214.6199951171875,218.92999267578125,51391200,Apple
2024-07-26 00:00:00+00:00,217.46875,217.9600067138672,219.49000549316406,216.00999450683594,218.6999969482422,41601300,Apple
2024-07-29 00:00:00+00:00,217.7481231689453,218.24000549316406,219.3000030517578,215.75,216.9600067138672,36311800,Apple
2024-07-30 00:00:00+00:00,218.30685424804688,218.8000030517578,220.3300018310547,216.1199951171875,219.19000244140625,41643800,Apple
2024-01-02 00:00:00+00:00,368.8540954589844,370.8699951171875,375.8999938964844,366.7699890136719,373.8599853515625,25258600,Microsoft
2024-01-03 00:00:00+00:00,368.5855712890625,370.6000061035156,373.260009765625,368.510009765625,369.010009765625,23083500,Microsoft
2024-01-04 00:00:00+00:00,365.94000244140625,367.94000244140625,373.1000061035156,367.1700134277344,370.6700134277344,20901500,Microsoft
2024-01-05 00:00:00+00:00,365.7510681152344,367.75,372.05999755859375,366.5,368.9700012207031,20987000,Microsoft
2024-01-08 00:00:00+00:00,372.6533508300781,374.69000244140625,375.20001220703125,369.010009765625,369.29998779296875,23134000,Microsoft
2024-01-09 00:00:00+00:00,373.74737548828125,375.7900085449219,375.989990234375,371.19000244140625,372.010009765625,20830000,Microsoft
2024-01-10 00:00:00+00:00,380.68939208984375,382.7699890136719,384.1700134277344,376.32000732421875,376.3699951171875,25514200,Microsoft
2024-01-11 00:00:00+00:00,382.539306640625,384.6300048828125,390.67999267578125,380.3800048828125,386.0,27850800,Microsoft
2024-01-12 00:00:00+00:00,386.3584289550781,388.4700012207031,388.67999267578125,384.6499938964844,385.489990234375,21645700,Microsoft
2024-01-16 00:00:00+00:00,388.14862060546875,390.2699890136719,394.0299987792969,387.6199951171875,393.6600036621094,27202300,Microsoft
2024-01-17 00:00:00+00:00,387.35296630859375,389.4700012207031,390.1099853515625,384.80999755859375,387.9800109863281,22234100,Microsoft
2024-01-18 00:00:00+00:00,391.72906494140625,393.8699951171875,393.989990234375,390.1199951171875,391.7200012207031,23392100,Microsoft
2024-01-19 00:00:00+00:00,396.5030212402344,398.6700134277344,398.6700134277344,393.5,395.760009765625,29272000,Microsoft
2024-01-22 00:00:00+00:00,394.354736328125,396.510009765625,400.6199951171875,393.5899963378906,400.0199890136719,27016900,Microsoft
2024-01-23 00:00:00+00:00,396.7317199707031,398.8999938964844,399.3800048828125,393.92999267578125,395.75,20525900,Microsoft
2024-01-24 00:00:00+00:00,400.3718566894531,402.55999755859375,405.6300048828125,400.45001220703125,401.5400085449219,24867000,Microsoft
2024-01-25 00:00:00+00:00,402.6693115234375,404.8699951171875,407.010009765625,402.5299987792969,404.32000732421875,21021200,Microsoft
2024-01-26 00:00:00+00:00,401.7344055175781,403.92999267578125,406.1700134277344,402.42999267578125,404.3699951171875,17803300,Microsoft
2024-01-29 00:00:00+00:00,407.492919921875,409.7200012207031,409.9800109863281,404.3299865722656,406.05999755859375,24510200,Microsoft
2024-01-30 00:00:00+00:00,406.3690490722656,408.5899963378906,413.04998779296875,406.45001220703125,412.260009765625,33477600,Microsoft
2024-01-31 00:00:00+00:00,395.4189147949219,397.5799865722656,415.32000732421875,397.2099914550781,406.9599914550781,47871100,Microsoft
2024-02-01 00:00:00+00:00,401.5852355957031,403.7799987792969,408.0,401.79998779296875,401.8299865722656,30657700,Microsoft
2024-02-02 00:00:00+00:00,408.98480224609375,411.2200012207031,412.6499938964844,403.55999755859375,403.80999755859375,28245000,Microsoft
2024-02-05 00:00:00+00:00,403.445068359375,405.6499938964844,411.1600036621094,403.989990234375,409.8999938964844,25352300,Microsoft
2024-02-06 00:00:00+00:00,403.285888671875,405.489990234375,407.9700012207031,402.9100036621094,405.8800048828125,18382600,Microsoft
2024-02-07 00:00:00+00:00,411.79937744140625,414.04998779296875,414.29998779296875,407.3999938964844,407.44000244140625,22340500,Microsoft
2024-02-08 00:00:00+00:00,411.8590393066406,414.1099853515625,415.55999755859375,412.5299987792969,414.04998779296875,21225300,Microsoft
2024-02-09 00:00:00+00:00,418.2640380859375,420.54998779296875,420.82000732421875,415.0899963378906,415.25,22032800,Microsoft
2024-02-12 00:00:00+00:00,413.0028381347656,415.260009765625,420.739990234375,414.75,420.55999755859375,21202900,Microsoft
2024-02-13 00:00:00+00:00,404.1114196777344,406.32000732421875,410.07000732421875,403.3900146484375,404.94000244140625,27824900,Microsoft
2024-02-14 00:00:00+00:00,408.0173034667969,409.489990234375,409.8399963378906,404.57000732421875,408.07000732421875,20401200,Microsoft
2024-02-15 00:00:00+00:00,405.09783935546875,406.55999755859375,409.1300048828125,404.2900085449219,408.1400146484375,21825500,Microsoft
2024-02-16 00:00:00+00:00,402.6068420410156,404.05999755859375,408.2900085449219,403.44000244140625,407.9599914550781,22281100,Microsoft
2024-02-20 00:00:00+00:00,401.3414001464844,402.7900085449219,404.489990234375,398.010009765625,403.239990234375,24307900,Microsoft
2024-02-21 00:00:00+00:00,400.73358154296875,402.17999267578125,402.2900085449219,397.2200012207031,400.1700134277344,18631100,Microsoft
2024-02-22 00:00:00+00:00,410.1695251464844,411.6499938964844,412.8299865722656,408.57000732421875,410.19000244140625,27009900,Microsoft
2024-02-23 00:00:00+00:00,408.8642578125,410.3399963378906,415.8599853515625,408.9700012207031,415.6700134277344,16295900,Microsoft
2024-02-26 00:00:00+00:00,406.0743408203125,407.5400085449219,412.1600036621094,407.3599853515625,411.4599914550781,16193500,Microsoft
2024-02-27 00:00:00+00:00,406.0145263671875,407.4800109863281,408.32000732421875,403.8500061035156,407.989990234375,14835800,Microsoft
2024-02-28 00:00:00+00:00,406.253662109375,407.7200012207031,409.29998779296875,405.32000732421875,408.17999267578125,13183100,Microsoft
2024-02-29 00:00:00+00:00,412.15240478515625,413.6400146484375,414.20001220703125,405.9200134277344,408.6400146484375,31947300,Microsoft
2024-03-01 00:00:00+00:00,414.00567626953125,415.5,415.8699951171875,410.8800048828125,411.2699890136719,17800300,Microsoft
2024-03-04 00:00:00+00:00,413.42779541015625,414.9200134277344,417.3500061035156,412.32000732421875,413.44000244140625,17596000,Microsoft
2024-03-05 00:00:00+00:00,401.2018737792969,402.6499938964844,414.25,400.6400146484375,413.9599914550781,26919200,Microsoft
2024-03-06 00:00:00+00:00,400.6438903808594,402.0899963378906,405.1600036621094,398.3900146484375,402.9700012207031,22344100,Microsoft
2024-03-07 00:00:00+00:00,407.6686096191406,409.1400146484375,409.7799987792969,402.239990234375,406.1199951171875,18718500,Microsoft
2024-03-08 00:00:00+00:00,404.7590637207031,406.2200012207031,410.4200134277344,404.3299865722656,407.9599914550781,17971700,Microsoft
2024-03-11 00:00:00+00:00,403.0651550292969,404.5199890136719,405.67999267578125,401.260009765625,403.760009765625,16120800,Microsoft
2024-03-12 00:00:00+00:00,413.7864685058594,415.2799987792969,415.57000732421875,406.7900085449219,407.6199951171875,22457000,Microsoft
2024-03-13 00:00:00+00:00,413.6071472167969,415.1000061035156,418.17999267578125,411.45001220703125,418.1000061035156,17115900,Microsoft
2024-03-14 00:00:00+00:00,423.69073486328125,425.2200012207031,427.82000732421875,417.989990234375,420.239990234375,34157300,Microsoft
2024-03-15 00:00:00+00:00,414.9223937988281,416.4200134277344,422.6000061035156,412.7900085449219,419.2900085449219,45049800,Microsoft
2024-03-18 00:00:00+00:00,415.81915283203125,417.32000732421875,420.7300109863281,413.7799987792969,414.25,20106000,Microsoft
2024-03-19 00:00:00+00:00,419.8944396972656,421.4100036621094,421.6700134277344,415.54998779296875,417.8299865722656,19837900,Microsoft
2024-03-20 00:00:00+00:00,423.7007141113281,425.2300109863281,425.9599914550781,420.6600036621094,422.0,17860100,Microsoft
2024-03-21 00:00:00+00:00,427.8258056640625,429.3699951171875,430.82000732421875,427.1600036621094,429.8299865722656,21296200,Microsoft
2024-03-22 00:00:00+00:00,427.19805908203125,428.739990234375,429.8599853515625,426.07000732421875,429.70001220703125,17636500,Microsoft
2024-03-25 00:00:00+00:00,421.3392028808594,422.8599853515625,427.4100036621094,421.6099853515625,425.239990234375,18060500,Microsoft
2024-03-26 00:00:00+00:00,420.133544921875,421.6499938964844,425.989990234375,421.3500061035156,425.6099853515625,16725600,Microsoft
2024-03-27 00:00:00+00:00,419.9143371582031,421.42999267578125,424.45001220703125,419.010009765625,424.44000244140625,16705000,Microsoft
2024-03-28 00:00:00+00:00,419.2069091796875,420.7200012207031,421.8699951171875,419.1199951171875,420.9599914550781,21871200,Microsoft
2024-04-01 00:00:00+00:00,423.0430908203125,424.57000732421875,427.8900146484375,422.2200012207031,423.95001220703125,16316000,Microsoft
2024-04-02 00:00:00+00:00,419.9243469238281,421.44000244140625,422.3800048828125,417.8399963378906,420.1099853515625,17912000,Microsoft
2024-04-03 00:00:00+00:00,418.9378967285156,420.45001220703125,423.260009765625,419.0899963378906,419.7300109863281,16502300,Microsoft
2024-04-04 00:00:00+00:00,416.37713623046875,417.8800048828125,428.6700134277344,417.57000732421875,424.989990234375,19370900,Microsoft
2024-04-05 00:00:00+00:00,423.9896545410156,425.5199890136719,426.510009765625,418.32000732421875,420.010009765625,16544300,Microsoft
2024-04-08 00:00:00+00:00,423.06298828125,424.5899963378906,427.2799987792969,423.29998779296875,425.1700134277344,14272400,Microsoft
2024-04-09 00:00:00+00:00,424.7469177246094,426.2799987792969,427.739990234375,421.6199951171875,426.44000244140625,12512300,Microsoft
2024-04-10 00:00:00+00:00,421.73779296875,423.260009765625,424.0299987792969,419.70001220703125,422.19000244140625,16216600,Microsoft
2024-04-11 00:00:00+00:00,426.3909912109375,427.92999267578125,429.3699951171875,422.3599853515625,425.82000732421875,17966400,Microsoft
2024-04-12 00:00:00+00:00,420.3826904296875,421.8999938964844,425.17999267578125,419.7699890136719,424.04998779296875,19232100,Microsoft
2024-04-15 00:00:00+00:00,412.15240478515625,413.6400146484375,426.82000732421875,413.42999267578125,426.6000061035156,20273500,Microsoft
2024-04-16 00:00:00+00:00,413.0889892578125,414.5799865722656,418.3999938964844,413.7300109863281,414.57000732421875,16765600,Microsoft
2024-04-17 00:00:00+00:00,410.3588562011719,411.8399963378906,418.8800048828125,410.3299865722656,417.25,15855500,Microsoft
2024-04-18 00:00:00+00:00,402.8160705566406,404.2699890136719,411.8900146484375,403.95001220703125,410.6300048828125,21029900,Microsoft
2024-04-19 00:00:00+00:00,397.6846008300781,399.1199951171875,405.4800109863281,397.7699890136719,404.0299987792969,30276500,Microsoft
2024-04-22 00:00:00+00:00,399.5179748535156,400.9599914550781,402.8500061035156,395.75,400.0799865722656,20286900,Microsoft
2024-04-23 00:00:00+00:00,406.1042175292969,407.57000732421875,408.20001220703125,403.05999755859375,404.239990234375,15734500,Microsoft
2024-04-24 00:00:00+00:00,407.5888366699219,409.05999755859375,412.4700012207031,406.7799987792969,409.55999755859375,15065300,Microsoft
2024-04-25 00:00:00+00:00,397.6048889160156,399.0400085449219,399.8900146484375,388.0299987792969,394.0299987792969,40586500,Microsoft
2024-04-26 00:00:00+00:00,404.8587341308594,406.32000732421875,413.0,405.760009765625,412.1700134277344,29694700,Microsoft
2024-04-29 00:00:00+00:00,400.8033447265625,402.25,406.32000732421875,399.19000244140625,405.25,19582100,Microsoft
2024-04-30 00:00:00+00:00,387.9297790527344,389.3299865722656,402.1600036621094,389.1700134277344,401.489990234375,28781400,Microsoft
2024-05-01 00:00:00+00:00,393.5196228027344,394.94000244140625,401.7200012207031,390.30999755859375,392.6099853515625,23562500,Microsoft
2024-05-02 00:00:00+00:00,396.4092102050781,397.8399963378906,399.92999267578125,394.6499938964844,397.6600036621094,17709400,Microsoft
2024-05-03 00:00:00+00:00,405.1974792480469,406.6600036621094,407.1499938964844,401.8599853515625,402.2799987792969,17446700,Microsoft
2024-05-06 00:00:00+00:00,412.0527648925781,413.5400085449219,413.92999267578125,406.3699951171875,408.760009765625,16996600,Microsoft
2024-05-07 00:00:00+00:00,407.86785888671875,409.3399963378906,414.6700134277344,409.0899963378906,414.6600036621094,20018200,Microsoft
2024-05-08 00:00:00+00:00,409.06353759765625,410.5400085449219,412.2300109863281,406.7099914550781,408.1700134277344,11792300,Microsoft
2024-05-09 00:00:00+00:00,410.8371276855469,412.32000732421875,412.7200012207031,409.1000061035156,410.57000732421875,14689700,Microsoft
2024-05-10 00:00:00+00:00,413.2484130859375,414.739990234375,415.3800048828125,411.79998779296875,412.94000244140625,13402300,Microsoft
2024-05-13 00:00:00+00:00,412.2320861816406,413.7200012207031,418.3500061035156,410.82000732421875,418.010009765625,15440200,Microsoft
2024-05-14 00:00:00+00:00,415.0618896484375,416.55999755859375,417.489990234375,411.54998779296875,412.0199890136719,15109300,Microsoft
2024-05-15 00:00:00+00:00,422.31878662109375,423.0799865722656,423.80999755859375,417.2699890136719,417.8999938964844,22239500,Microsoft
2024-05-16 00:00:00+00:00,420.2325744628906,420.989990234375,425.4200134277344,420.3500061035156,421.79998779296875,17530100,Microsoft
2024-05-17 00:00:00+00:00,419.4539489746094,420.2099914550781,422.9200134277344,418.0299987792969,422.5400085449219,15352200,Microsoft
2024-05-20 00:00:00+00:00,424.5747375488281,425.3399963378906,426.7699890136719,419.989990234375,420.2099914550781,16272100,Microsoft
2024-05-21 00:00:00+00:00,428.2680969238281,429.0400085449219,432.9700012207031,424.8500061035156,426.8299865722656,21453300,Microsoft
2024-05-22 00:00:00+00:00,429.74542236328125,430.5199890136719,432.4100036621094,427.1300048828125,430.0899963378906,18073700,Microsoft
2024-05-23 00:00:00+00:00,426.23175048828125,427.0,433.6000061035156,425.4200134277344,432.9700012207031,17211700,Microsoft
2024-05-24 00:00:00+00:00,429.3860778808594,430.1600036621094,431.05999755859375,424.4100036621094,427.19000244140625,11845800,Microsoft
2024-05-28 00:00:00+00:00,429.5457763671875,430.32000732421875,430.82000732421875,426.6000061035156,429.6300048828125,15718000,Microsoft
2024-05-29 00:00:00+00:00,428.3978576660156,429.1700134277344,430.94000244140625,425.69000244140625,425.69000244140625,15517100,Microsoft
2024-05-30 00:00:00+00:00,413.9239501953125,414.6700134277344,424.29998779296875,414.239990234375,424.29998779296875,28424800,Microsoft
2024-05-31 00:00:00+00:00,414.38311767578125,415.1300048828125,416.75,404.510009765625,416.75,47995300,Microsoft
2024-06-03 00:00:00+00:00,412.7760009765625,413.5199890136719,416.42999267578125,408.9200134277344,415.5299987792969,17484700,Microsoft
2024-06-04 00:00:00+00:00,415.3214416503906,416.07000732421875,416.44000244140625,409.67999267578125,412.42999267578125,14348900,Microsoft
2024-06-05 00:00:00+00:00,423.24713134765625,424.010009765625,424.0799865722656,416.29998779296875,417.80999755859375,16988000,Microsoft
2024-06-06 00:00:00+00:00,423.7561950683594,424.5199890136719,425.30999755859375,420.5799865722656,424.010009765625,14861300,Microsoft
2024-06-07 00:00:00+00:00,423.0874328613281,423.8500061035156,426.2799987792969,423.0,426.20001220703125,13621700,Microsoft
2024-06-10 00:00:00+00:00,427.1001892089844,427.8699951171875,428.0799865722656,423.8900146484375,424.70001220703125,14003000,Microsoft
2024-06-11 00:00:00+00:00,431.9015197753906,432.67999267578125,432.82000732421875,425.25,425.4800109863281,14551100,Microsoft
2024-06-12 00:00:00+00:00,440.2664489746094,441.05999755859375,443.3999938964844,433.25,435.32000732421875,22366200,Microsoft
2024-06-13 00:00:00+00:00,440.7855224609375,441.5799865722656,443.3900146484375,439.3699951171875,440.8500061035156,15960600,Microsoft
2024-06-14 00:00:00+00:00,441.77374267578125,442.57000732421875,443.1400146484375,436.7200012207031,438.2799987792969,13582000,Microsoft
2024-06-17 00:00:00+00:00,447.56329345703125,448.3699951171875,450.94000244140625,440.7200012207031,442.5899963378906,20790000,Microsoft
2024-06-18 00:00:00+00:00,445.5369567871094,446.3399963378906,450.1400146484375,444.8900146484375,449.7099914550781,17112500,Microsoft
2024-06-20 00:00:00+00:00,444.89813232421875,445.70001220703125,446.5299987792969,441.2699890136719,446.29998779296875,19877400,Microsoft
2024-06-21 00:00:00+00:00,448.97076416015625,449.7799987792969,450.5799865722656,446.510009765625,447.3800048828125,34486200,Microsoft
2024-06-24 00:00:00+00:00,446.8645935058594,447.6700134277344,452.75,446.4100036621094,449.79998779296875,15913700,Microsoft
2024-06-25 00:00:00+00:00,450.138671875,450.95001220703125,451.4200134277344,446.75,448.25,16747500,Microsoft
2024-06-26 00:00:00+00:00,451.34649658203125,452.1600036621094,453.6000061035156,448.19000244140625,449.0,16507000,Microsoft
2024-06-27 00:00:00+00:00,452.0352478027344,452.8500061035156,456.1700134277344,451.7699890136719,452.17999267578125,14806300,Microsoft
2024-06-28 00:00:00+00:00,446.1458740234375,446.95001220703125,455.3800048828125,446.4100036621094,453.07000732421875,28362300,Microsoft
2024-07-01 00:00:00+00:00,455.90826416015625,456.7300109863281,457.3699951171875,445.6600036621094,448.6600036621094,17662800,Microsoft
2024-07-02 00:00:00+00:00,458.45367431640625,459.2799987792969,459.5899963378906,453.1099853515625,453.20001220703125,13979800,Microsoft
2024-07-03 00:00:00+00:00,459.94097900390625,460.7699890136719,461.0199890136719,457.8800048828125,458.19000244140625,9932800,Microsoft
2024-07-05 00:00:00+00:00,466.7187805175781,467.55999755859375,468.3500061035156,458.9700012207031,459.6099853515625,16000300,Microsoft
2024-07-08 00:00:00+00:00,465.4011535644531,466.239990234375,467.70001220703125,464.4599914550781,466.54998779296875,12962300,Microsoft
2024-07-09 00:00:00+00:00,458.7132263183594,459.5400085449219,467.3299865722656,458.0,467.0,17207200,Microsoft
2024-07-10 00:00:00+00:00,465.4111328125,466.25,466.4599914550781,458.8599853515625,461.2200012207031,18196100,Microsoft
2024-07-11 00:00:00+00:00,453.8819274902344,454.70001220703125,464.7799987792969,451.54998779296875,462.9800109863281,23111200,Microsoft
2024-07-12 00:00:00+00:00,452.7339782714844,453.54998779296875,456.3599853515625,450.6499938964844,454.3299865722656,16324300,Microsoft
2024-07-15 00:00:00+00:00,453.14324951171875,453.9599914550781,457.260009765625,451.42999267578125,453.29998779296875,14429400,Microsoft
2024-07-16 00:00:00+00:00,448.71124267578125,449.5199890136719,454.29998779296875,446.6600036621094,454.2200012207031,17175700,Microsoft
2024-07-17 00:00:00+00:00,442.7220153808594,443.5199890136719,444.8500061035156,439.17999267578125,442.5899963378906,21778000,Microsoft
2024-07-18 00:00:00+00:00,439.57769775390625,440.3699951171875,444.6499938964844,434.3999938964844,444.3399963378906,20794800,Microsoft
2024-07-19 00:00:00+00:00,436.32354736328125,437.1099853515625,441.1400146484375,432.0,433.1000061035156,20940400,Microsoft
2024-07-22 00:00:00+00:00,442.14306640625,442.94000244140625,444.6000061035156,438.9100036621094,441.7900085449219,15808800,Microsoft
2024-07-23 00:00:00+00:00,444.0496520996094,444.8500061035156,448.3900146484375,443.1000061035156,443.8999938964844,13107100,Microsoft
2024-07-24 00:00:00+00:00,428.1283264160156,428.8999938964844,441.4800109863281,427.5899963378906,440.45001220703125,26805800,Microsoft
2024-07-25 00:00:00+00:00,417.647216796875,418.3999938964844,429.79998779296875,417.510009765625,428.79998779296875,29943800,Microsoft
2024-07-26 00:00:00+00:00,424.5048522949219,425.2699890136719,428.9200134277344,417.2699890136719,418.20001220703125,23583800,Microsoft
2024-07-29 00:00:00+00:00,425.9622497558594,426.7300109863281,432.1499938964844,424.70001220703125,431.5799865722656,15125800,Microsoft
2024-07-30 00:00:00+00:00,422.15911865234375,422.9200134277344,429.04998779296875,417.3599853515625,427.7200012207031,32687600,Microsoft
2024-01-02 00:00:00+00:00,149.92999267578125,149.92999267578125,152.3800048828125,148.38999938964844,151.5399932861328,47339400,Amazon
2024-01-03 00:00:00+00:00,148.47000122070312,148.47000122070312,151.0500030517578,148.3300018310547,149.1999969482422,49425500,Amazon
2024-01-04 00:00:00+00:00,144.57000732421875,144.57000732421875,147.3800048828125,144.0500030517578,145.58999633789062,56039800,Amazon
2024-01-05 00:00:00+00:00,145.24000549316406,145.24000549316406,146.58999633789062,144.52999877929688,144.69000244140625,45124800,Amazon
2024-01-08 00:00:00+00:00,149.10000610351562,149.10000610351562,149.39999389648438,146.14999389648438,146.74000549316406,46757100,Amazon
2024-01-09 00:00:00+00:00,151.3699951171875,151.3699951171875,151.7100067138672,148.2100067138672,148.3300018310547,43812600,Amazon
2024-01-10 00:00:00+00:00,153.72999572753906,153.72999572753906,154.4199981689453,151.8800048828125,152.05999755859375,44421800,Amazon
2024-01-11 00:00:00+00:00,155.17999267578125,155.17999267578125,157.1699981689453,153.1199951171875,155.0399932861328,49072700,Amazon
2024-01-12 00:00:00+00:00,154.6199951171875,154.6199951171875,156.1999969482422,154.00999450683594,155.38999938964844,40460300,Amazon
2024-01-16 00:00:00+00:00,153.16000366210938,153.16000366210938,154.99000549316406,152.14999389648438,153.52999877929688,41384600,Amazon
2024-01-17 00:00:00+00:00,151.7100067138672,151.7100067138672,152.14999389648438,149.91000366210938,151.49000549316406,34953400,Amazon
2024-01-18 00:00:00+00:00,153.5,153.5,153.77999877929688,151.82000732421875,152.77000427246094,37850200,Amazon
2024-01-19 00:00:00+00:00,155.33999633789062,155.33999633789062,155.75999450683594,152.74000549316406,153.8300018310547,51033700,Amazon
2024-01-22 00:00:00+00:00,154.77999877929688,154.77999877929688,157.0500030517578,153.89999389648438,156.88999938964844,43687500,Amazon
2024-01-23 00:00:00+00:00,156.02000427246094,156.02000427246094,156.2100067138672,153.92999267578125,154.85000610351562,37986000,Amazon
2024-01-24 00:00:00+00:00,156.8699951171875,156.8699951171875,158.50999450683594,156.47999572753906,157.8000030517578,48547300,Amazon
2024-01-25 00:00:00+00:00,157.75,157.75,158.50999450683594,154.5500030517578,156.9499969482422,43638600,Amazon
2024-01-26 00:00:00+00:00,159.1199951171875,159.1199951171875,160.72000122070312,157.91000366210938,158.4199981689453,51047400,Amazon
2024-01-29 00:00:00+00:00,161.25999450683594,161.25999450683594,161.2899932861328,158.89999389648438,159.33999633789062,45270400,Amazon
2024-01-30 00:00:00+00:00,159.0,159.0,161.72999572753906,158.49000549316406,160.6999969482422,45207400,Amazon
2024-01-31 00:00:00+00:00,155.1999969482422,155.1999969482422,159.00999450683594,154.80999755859375,157.0,50284400,Amazon
2024-02-01 00:00:00+00:00,159.27999877929688,159.27999877929688,159.75999450683594,155.6199951171875,155.8699951171875,76542400,Amazon
2024-02-02 00:00:00+00:00,171.80999755859375,171.80999755859375,172.5,167.3300018310547,169.19000244140625,117154900,Amazon
2024-02-05 00:00:00+00:00,170.30999755859375,170.30999755859375,170.5500030517578,167.6999969482422,170.1999969482422,55081300,Amazon
2024-02-06 00:00:00+00:00,169.14999389648438,169.14999389648438,170.7100067138672,167.64999389648438,169.38999938964844,42505500,Amazon
2024-02-07 00:00:00+00:00,170.52999877929688,170.52999877929688,170.8800048828125,168.94000244140625,169.47999572753906,47174100,Amazon
2024-02-08 00:00:00+00:00,169.83999633789062,169.83999633789062,171.42999267578125,168.8800048828125,169.64999389648438,42316500,Amazon
2024-02-09 00:00:00+00:00,174.4499969482422,174.4499969482422,175.0,170.5800018310547,170.89999389648438,56986000,Amazon
2024-02-12 00:00:00+00:00,172.33999633789062,172.33999633789062,175.38999938964844,171.5399932861328,174.8000030517578,51050400,Amazon
2024-02-13 00:00:00+00:00,168.63999938964844,168.63999938964844,170.9499969482422,165.75,167.72999572753906,56345100,Amazon
2024-02-14 00:00:00+00:00,170.97999572753906,170.97999572753906,171.2100067138672,168.27999877929688,169.2100067138672,42815500,Amazon
2024-02-15 00:00:00+00:00,169.8000030517578,169.8000030517578,171.1699981689453,167.58999633789062,170.5800018310547,49855200,Amazon
2024-02-16 00:00:00+00:00,169.50999450683594,169.50999450683594,170.4199981689453,167.1699981689453,168.74000549316406,48074600,Amazon
2024-02-20 00:00:00+00:00,167.0800018310547,167.0800018310547,168.7100067138672,165.74000549316406,167.8300018310547,41980300,Amazon
2024-02-21 00:00:00+00:00,168.58999633789062,168.58999633789062,170.22999572753906,167.13999938964844,168.94000244140625,44575600,Amazon
2024-02-22 00:00:00+00:00,174.5800018310547,174.5800018310547,174.8000030517578,171.77000427246094,173.10000610351562,55392400,Amazon
2024-02-23 00:00:00+00:00,174.99000549316406,174.99000549316406,175.75,173.6999969482422,174.27999877929688,59715200,Amazon
2024-02-26 00:00:00+00:00,174.72999572753906,174.72999572753906,176.3699951171875,174.25999450683594,175.6999969482422,44368600,Amazon
2024-02-27 00:00:00+00:00,173.5399932861328,173.5399932861328,174.6199951171875,172.86000061035156,174.0800018310547,31141700,Amazon
2024-02-28 00:00:00+00:00,173.16000366210938,173.16000366210938,174.0500030517578,172.27000427246094,172.44000244140625,28180500,Amazon
2024-02-29 00:00:00+00:00,176.75999450683594,176.75999450683594,177.22000122070312,172.85000610351562,173.00999450683594,53805400,Amazon
2024-03-01 00:00:00+00:00,178.22000122070312,178.22000122070312,178.72999572753906,176.07000732421875,176.75,31956200,Amazon
2024-03-04 00:00:00+00:00,177.5800018310547,177.5800018310547,180.13999938964844,177.49000549316406,177.52999877929688,37381500,Amazon
2024-03-05 00:00:00+00:00,174.1199951171875,174.1199951171875,176.92999267578125,173.3000030517578,176.92999267578125,37228300,Amazon
2024-03-06 00:00:00+00:00,173.50999450683594,173.50999450683594,176.4600067138672,173.25999450683594,175.5399932861328,32090900,Amazon
2024-03-07 00:00:00+00:00,176.82000732421875,176.82000732421875,177.99000549316406,173.72000122070312,174.8300018310547,34063300,Amazon
2024-03-08 00:00:00+00:00,175.35000610351562,175.35000610351562,178.7899932861328,174.3300018310547,176.44000244140625,37853500,Amazon
2024-03-11 00:00:00+00:00,171.9600067138672,171.9600067138672,174.47000122070312,171.47000122070312,174.30999755859375,28484800,Amazon
2024-03-12 00:00:00+00:00,175.38999938964844,175.38999938964844,176.75999450683594,171.97999572753906,173.5,36610600,Amazon
2024-03-13 00:00:00+00:00,176.55999755859375,176.55999755859375,177.6199951171875,175.5500030517578,175.89999389648438,30772600,Amazon
2024-03-14 00:00:00+00:00,178.75,178.75,179.52999877929688,176.47000122070312,177.69000244140625,43705800,Amazon
2024-03-15 00:00:00+00:00,174.4199981689453,174.4199981689453,177.92999267578125,173.89999389648438,176.63999938964844,72115500,Amazon
2024-03-18 00:00:00+00:00,174.47999572753906,174.47999572753906,176.69000244140625,174.27999877929688,175.8000030517578,31250700,Amazon
2024-03-19 00:00:00+00:00,175.89999389648438,175.89999389648438,176.08999633789062,173.52000427246094,174.22000122070312,26880900,Amazon
2024-03-20 00:00:00+00:00,178.14999389648438,178.14999389648438,178.52999877929688,174.63999938964844,176.13999938964844,29947200,Amazon
2024-03-21 00:00:00+00:00,178.14999389648438,178.14999389648438,181.4199981689453,178.14999389648438,179.99000549316406,32824300,Amazon
2024-03-22 00:00:00+00:00,178.8699951171875,178.8699951171875,179.25999450683594,176.75,177.75,27964100,Amazon
2024-03-25 00:00:00+00:00,179.7100067138672,179.7100067138672,180.99000549316406,177.24000549316406,178.00999450683594,29815500,Amazon
2024-03-26 00:00:00+00:00,178.3000030517578,178.3000030517578,180.4499969482422,177.9499969482422,180.14999389648438,29659000,Amazon
2024-03-27 00:00:00+00:00,179.8300018310547,179.8300018310547,180.0,177.30999755859375,179.8800048828125,33272600,Amazon
2024-03-28 00:00:00+00:00,180.3800048828125,180.3800048828125,181.6999969482422,179.25999450683594,180.1699981689453,38051600,Amazon
2024-04-01 00:00:00+00:00,180.97000122070312,180.97000122070312,183.0,179.9499969482422,180.7899932861328,29174500,Amazon
2024-04-02 00:00:00+00:00,180.69000244140625,180.69000244140625,180.7899932861328,178.3800048828125,179.07000732421875,32611500,Amazon
2024-04-03 00:00:00+00:00,182.41000366210938,182.41000366210938,182.8699951171875,179.8000030517578,179.89999389648438,31046600,Amazon
2024-04-04 00:00:00+00:00,180.0,180.0,185.10000610351562,180.0,184.0,41624300,Amazon
2024-04-05 00:00:00+00:00,185.07000732421875,185.07000732421875,186.27000427246094,181.97000122070312,182.3800048828125,42335200,Amazon
2024-04-08 00:00:00+00:00,185.19000244140625,185.19000244140625,187.2899932861328,184.80999755859375,186.89999389648438,39221300,Amazon
2024-04-09 00:00:00+00:00,185.6699981689453,185.6699981689453,187.33999633789062,184.1999969482422,187.24000549316406,36546900,Amazon
2024-04-10 00:00:00+00:00,185.9499969482422,185.9499969482422,186.27000427246094,182.6699981689453,182.77000427246094,35879200,Amazon
2024-04-11 00:00:00+00:00,189.0500030517578,189.0500030517578,189.77000427246094,185.50999450683594,186.74000549316406,40020700,Amazon
2024-04-12 00:00:00+00:00,186.1300048828125,186.1300048828125,188.3800048828125,185.0800018310547,187.72000122070312,38554300,Amazon
2024-04-15 00:00:00+00:00,183.6199951171875,183.6199951171875,188.69000244140625,183.0,187.42999267578125,48052400,Amazon
2024-04-16 00:00:00+00:00,183.32000732421875,183.32000732421875,184.8300018310547,182.25999450683594,183.27000427246094,32891300,Amazon
2024-04-17 00:00:00+00:00,181.27999877929688,181.27999877929688,184.57000732421875,179.82000732421875,184.30999755859375,31359700,Amazon
2024-04-18 00:00:00+00:00,179.22000122070312,179.22000122070312,182.38999938964844,178.64999389648438,181.47000122070312,30723800,Amazon
2024-04-19 00:00:00+00:00,174.6300048828125,174.6300048828125,179.0,173.44000244140625,178.74000549316406,55950000,Amazon
2024-04-22 00:00:00+00:00,177.22999572753906,177.22999572753906,178.8699951171875,174.55999755859375,176.94000244140625,37924900,Amazon
2024-04-23 00:00:00+00:00,179.5399932861328,179.5399932861328,179.92999267578125,175.97999572753906,178.0800018310547,37046500,Amazon
2024-04-24 00:00:00+00:00,176.58999633789062,176.58999633789062,180.32000732421875,176.17999267578125,179.94000244140625,34185100,Amazon
2024-04-25 00:00:00+00:00,173.6699981689453,173.6699981689453,173.9199981689453,166.32000732421875,169.67999267578125,49249400,Amazon
2024-04-26 00:00:00+00:00,179.6199951171875,179.6199951171875,180.82000732421875,176.1300048828125,177.8000030517578,43919800,Amazon
2024-04-29 00:00:00+00:00,180.9600067138672,180.9600067138672,183.52999877929688,179.38999938964844,182.75,54063900,Amazon
2024-04-30 00:00:00+00:00,175.0,175.0,182.99000549316406,174.8000030517578,181.08999633789062,94639800,Amazon
2024-05-01 00:00:00+00:00,179.0,179.0,185.14999389648438,176.55999755859375,181.63999938964844,94645100,Amazon
2024-05-02 00:00:00+00:00,184.72000122070312,184.72000122070312,185.10000610351562,179.91000366210938,180.85000610351562,54303500,Amazon
2024-05-03 00:00:00+00:00,186.2100067138672,186.2100067138672,187.8699951171875,185.4199981689453,186.99000549316406,39172000,Amazon
2024-05-06 00:00:00+00:00,188.6999969482422,188.6999969482422,188.75,184.8000030517578,186.27999877929688,34725300,Amazon
2024-05-07 00:00:00+00:00,188.75999450683594,188.75999450683594,189.94000244140625,187.30999755859375,188.9199981689453,34048900,Amazon
2024-05-08 00:00:00+00:00,188.0,188.0,188.42999267578125,186.38999938964844,187.44000244140625,26136400,Amazon
2024-05-09 00:00:00+00:00,189.5,189.5,191.6999969482422,187.44000244140625,188.8800048828125,43368400,Amazon
2024-05-10 00:00:00+00:00,187.47999572753906,187.47999572753906,189.88999938964844,186.92999267578125,189.16000366210938,34141800,Amazon
2024-05-13 00:00:00+00:00,186.57000732421875,186.57000732421875,188.30999755859375,185.36000061035156,188.0,24898600,Amazon
2024-05-14 00:00:00+00:00,187.07000732421875,187.07000732421875,187.72000122070312,183.4499969482422,183.82000732421875,38698200,Amazon
2024-05-15 00:00:00+00:00,185.99000549316406,185.99000549316406,186.72000122070312,182.72999572753906,185.97000122070312,75459900,Amazon
2024-05-16 00:00:00+00:00,183.6300048828125,183.6300048828125,187.30999755859375,183.4600067138672,185.60000610351562,38834500,Amazon
2024-05-17 00:00:00+00:00,184.6999969482422,184.6999969482422,185.3000030517578,183.35000610351562,183.75999450683594,33175700,Amazon
2024-05-20 00:00:00+00:00,183.5399932861328,183.5399932861328,186.6699981689453,183.27999877929688,184.33999633789062,30511800,Amazon
2024-05-21 00:00:00+00:00,183.14999389648438,183.14999389648438,183.25999450683594,180.75,182.3000030517578,50839100,Amazon
2024-05-22 00:00:00+00:00,183.1300048828125,183.1300048828125,185.22000122070312,181.97000122070312,183.8800048828125,28148800,Amazon
2024-05-23 00:00:00+00:00,181.0500030517578,181.0500030517578,184.75999450683594,180.0800018310547,183.66000366210938,33670200,Amazon
2024-05-24 00:00:00+00:00,180.75,180.75,182.44000244140625,180.3000030517578,181.64999389648438,27434100,Amazon
2024-05-28 00:00:00+00:00,182.14999389648438,182.14999389648438,182.24000549316406,179.49000549316406,179.92999267578125,29927000,Amazon
2024-05-29 00:00:00+00:00,182.02000427246094,182.02000427246094,184.0800018310547,181.5500030517578,181.6999969482422,32009300,Amazon
2024-05-30 00:00:00+00:00,179.32000732421875,179.32000732421875,181.33999633789062,178.36000061035156,181.30999755859375,29249200,Amazon
2024-05-31 00:00:00+00:00,176.44000244140625,176.44000244140625,179.2100067138672,173.8699951171875,178.3000030517578,58903900,Amazon
2024-06-03 00:00:00+00:00,178.33999633789062,178.33999633789062,178.6999969482422,175.9199981689453,177.6999969482422,30786600,Amazon
2024-06-04 00:00:00+00:00,179.33999633789062,179.33999633789062,179.82000732421875,176.44000244140625,177.63999938964844,27198400,Amazon
2024-06-05 00:00:00+00:00,181.27999877929688,181.27999877929688,181.5,178.75,180.10000610351562,32116400,Amazon
2024-06-06 00:00:00+00:00,185.0,185.0,185.0,181.49000549316406,181.75,31371200,Amazon
2024-06-07 00:00:00+00:00,184.3000030517578,184.3000030517578,186.2899932861328,183.36000061035156,184.89999389648438,28021500,Amazon
2024-06-10 00:00:00+00:00,187.05999755859375,187.05999755859375,187.22999572753906,183.7899932861328,184.07000732421875,34494500,Amazon
2024-06-11 00:00:00+00:00,187.22999572753906,187.22999572753906,187.77000427246094,184.5399932861328,187.05999755859375,27265100,Amazon
2024-06-12 00:00:00+00:00,186.88999938964844,186.88999938964844,188.35000610351562,185.42999267578125,188.02000427246094,33984200,Amazon
2024-06-13 00:00:00+00:00,183.8300018310547,183.8300018310547,187.6699981689453,182.6699981689453,186.08999633789062,39721500,Amazon
2024-06-14 00:00:00+00:00,183.66000366210938,183.66000366210938,183.72000122070312,182.22999572753906,183.0800018310547,25456400,Amazon
2024-06-17 00:00:00+00:00,184.05999755859375,184.05999755859375,185.0,181.22000122070312,182.52000427246094,35601900,Amazon
2024-06-18 00:00:00+00:00,182.80999755859375,182.80999755859375,184.2899932861328,181.42999267578125,183.74000549316406,36659200,Amazon
2024-06-20 00:00:00+00:00,186.10000610351562,186.10000610351562,186.50999450683594,182.72000122070312,182.91000366210938,44726800,Amazon
2024-06-21 00:00:00+00:00,189.0800018310547,189.0800018310547,189.27999877929688,185.86000061035156,187.8000030517578,72931800,Amazon
2024-06-24 00:00:00+00:00,185.57000732421875,185.57000732421875,191.0,185.3300018310547,189.3300018310547,50610400,Amazon
2024-06-25 00:00:00+00:00,186.33999633789062,186.33999633789062,188.83999633789062,185.4199981689453,186.80999755859375,45898500,Amazon
2024-06-26 00:00:00+00:00,193.61000061035156,193.61000061035156,194.8000030517578,186.25999450683594,186.9199981689453,65103900,Amazon
2024-06-27 00:00:00+00:00,197.85000610351562,197.85000610351562,199.83999633789062,194.1999969482422,195.00999450683594,74397500,Amazon
2024-06-28 00:00:00+00:00,193.25,193.25,198.85000610351562,192.5,197.72999572753906,76930200,Amazon
2024-07-01 00:00:00+00:00,197.1999969482422,197.1999969482422,198.3000030517578,192.82000732421875,193.49000549316406,41192000,Amazon
2024-07-02 00:00:00+00:00,200.0,200.0,200.42999267578125,195.92999267578125,197.27999877929688,45600000,Amazon
2024-07-03 00:00:00+00:00,197.58999633789062,197.58999633789062,200.02999877929688,196.75999450683594,199.94000244140625,31597900,Amazon
2024-07-05 00:00:00+00:00,200.0,200.0,200.5500030517578,198.1699981689453,198.64999389648438,39858900,Amazon
2024-07-08 00:00:00+00:00,199.2899932861328,199.2899932861328,201.1999969482422,197.9600067138672,200.0399932861328,34767300,Amazon
2024-07-09 00:00:00+00:00,199.33999633789062,199.33999633789062,200.57000732421875,199.0500030517578,199.39999389648438,32700100,Amazon
2024-07-10 00:00:00+00:00,199.7899932861328,199.7899932861328,200.11000061035156,197.69000244140625,200.0,32883800,Amazon
2024-07-11 00:00:00+00:00,195.0500030517578,195.0500030517578,200.27000427246094,192.86000061035156,200.08999633789062,44565000,Amazon
2024-07-12 00:00:00+00:00,194.49000549316406,194.49000549316406,196.47000122070312,193.8300018310547,194.8000030517578,30598500,Amazon
2024-07-15 00:00:00+00:00,192.72000122070312,192.72000122070312,196.19000244140625,190.8300018310547,194.55999755859375,40683200,Amazon
2024-07-16 00:00:00+00:00,193.02000427246094,193.02000427246094,196.6199951171875,192.24000549316406,195.58999633789062,33994700,Amazon
2024-07-17 00:00:00+00:00,187.92999267578125,187.92999267578125,191.5800018310547,185.99000549316406,191.35000610351562,48076100,Amazon
2024-07-18 00:00:00+00:00,183.75,183.75,189.67999267578125,181.4499969482422,189.58999633789062,51043600,Amazon
2024-07-19 00:00:00+00:00,183.1300048828125,183.1300048828125,184.92999267578125,180.11000061035156,181.13999938964844,43081800,Amazon
2024-07-22 00:00:00+00:00,182.5500030517578,182.5500030517578,185.05999755859375,182.47999572753906,185.0,39931900,Amazon
2024-07-23 00:00:00+00:00,186.41000366210938,186.41000366210938,189.38999938964844,183.55999755859375,184.10000610351562,47537700,Amazon
2024-07-24 00:00:00+00:00,180.8300018310547,180.8300018310547,185.4499969482422,180.41000366210938,183.1999969482422,41532400,Amazon
2024-07-25 00:00:00+00:00,179.85000610351562,179.85000610351562,183.89999389648438,176.8000030517578,182.91000366210938,44464200,Amazon
2024-07-26 00:00:00+00:00,182.5,182.5,183.19000244140625,180.24000549316406,180.38999938964844,29506000,Amazon
2024-07-29 00:00:00+00:00,183.1999969482422,183.1999969482422,184.75,182.3800048828125,183.83999633789062,33270100,Amazon
2024-07-30 00:00:00+00:00,181.7100067138672,181.7100067138672,185.86000061035156,179.3800048828125,184.72000122070312,39508600,Amazon
2024-01-02 00:00:00+00:00,137.82870483398438,138.1699981689453,139.4499969482422,136.47999572753906,138.5500030517578,23711200,Google
2024-01-03 00:00:00+00:00,138.5768585205078,138.9199981689453,139.6300048828125,137.0800018310547,137.25,24212100,Google
2024-01-04 00:00:00+00:00,136.0531005859375,136.38999938964844,139.16000366210938,136.35000610351562,138.4199981689453,27137700,Google
2024-01-05 00:00:00+00:00,135.39474487304688,135.72999572753906,137.16000366210938,135.14999389648438,136.75,22506000,Google
2024-01-08 00:00:00+00:00,138.49705505371094,138.83999633789062,139.00999450683594,136.25999450683594,136.2899932861328,21404000,Google
2024-01-09 00:00:00+00:00,140.6018524169922,140.9499969482422,141.49000549316406,138.14999389648438,138.5,24759600,Google
2024-01-10 00:00:00+00:00,141.92855834960938,142.27999877929688,143.0,140.91000366210938,141.0,21320200,Google
2024-01-11 00:00:00+00:00,141.72906494140625,142.0800018310547,145.22000122070312,140.63999938964844,143.49000549316406,24008700,Google
2024-01-12 00:00:00+00:00,142.29763793945312,142.64999389648438,143.1999969482422,141.82000732421875,142.6699981689453,18768600,Google
2024-01-16 00:00:00+00:00,142.13804626464844,142.49000549316406,144.35000610351562,141.4499969482422,142.0,22670500,Google
2024-01-17 00:00:00+00:00,141.12057495117188,141.47000122070312,141.83999633789062,138.89999389648438,141.35000610351562,20968600,Google
2024-01-18 00:00:00+00:00,143.12559509277344,143.47999572753906,144.2100067138672,141.99000549316406,142.0500030517578,25746400,Google
2024-01-19 00:00:00+00:00,146.01844787597656,146.3800048828125,146.4499969482422,144.3800048828125,144.74000549316406,33300700,Google
2024-01-22 00:00:00+00:00,145.62940979003906,145.99000549316406,148.38999938964844,145.83999633789062,147.10000610351562,32200400,Google
2024-01-23 00:00:00+00:00,146.6768035888672,147.0399932861328,147.17999267578125,145.5,145.88999938964844,21636100,Google
2024-01-24 00:00:00+00:00,148.33270263671875,148.6999969482422,149.85000610351562,148.10000610351562,148.5399932861328,25233500,Google
2024-01-25 00:00:00+00:00,151.494873046875,151.8699951171875,153.0500030517578,149.5399932861328,150.07000732421875,29149100,Google
2024-01-26 00:00:00+00:00,151.8140869140625,152.19000244140625,152.5399932861328,151.00999450683594,151.10000610351562,26115500,Google
2024-01-29 00:00:00+00:00,153.1308135986328,153.50999450683594,153.77999877929688,151.42999267578125,152.05999755859375,27784300,Google
2024-01-30 00:00:00+00:00,151.0858917236328,151.4600067138672,153.6199951171875,151.19000244140625,152.8000030517578,36331800,Google
2024-01-31 00:00:00+00:00,139.7539520263672,140.10000610351562,144.0,139.8699951171875,143.6199951171875,71910000,Google
2024-02-01 00:00:00+00:00,140.81134033203125,141.16000366210938,143.05999755859375,140.7899932861328,142.1199951171875,40466500,Google
2024-02-02 00:00:00+00:00,142.0283203125,142.3800048828125,142.6199951171875,136.5,139.25999450683594,62470600,Google
2024-02-05 00:00:00+00:00,143.32508850097656,143.67999267578125,145.47000122070312,142.77999877929688,142.82000732421875,38505400,Google
2024-02-06 00:00:00+00:00,143.74407958984375,144.10000610351562,145.36000061035156,143.19000244140625,144.64999389648438,29128200,Google
2024-02-07 00:00:00+00:00,145.18051147460938,145.5399932861328,145.6199951171875,143.92999267578125,144.75999450683594,25208900,Google
2024-02-08 00:00:00+00:00,145.5496063232422,145.91000366210938,146.3300018310547,145.10000610351562,145.8300018310547,22563800,Google
2024-02-09 00:00:00+00:00,148.63197326660156,149.0,149.44000244140625,146.17999267578125,146.67999267578125,26829500,Google
2024-02-12 00:00:00+00:00,147.16558837890625,147.52999877929688,149.33999633789062,147.3699951171875,148.4199981689453,21564100,Google
2024-02-13 00:00:00+00:00,144.781494140625,145.13999938964844,146.6699981689453,143.69000244140625,144.9199981689453,27837700,Google
2024-02-14 00:00:00+00:00,145.57952880859375,145.94000244140625,146.52000427246094,144.08999633789062,146.0800018310547,22704200,Google
2024-02-15 00:00:00+00:00,142.4173583984375,142.77000427246094,143.52000427246094,140.4600067138672,143.13999938964844,37590700,Google
2024-02-16 00:00:00+00:00,140.17291259765625,140.52000427246094,143.19000244140625,140.13999938964844,142.99000549316406,31451100,Google
2024-02-20 00:00:00+00:00,140.77142333984375,141.1199951171875,142.0800018310547,139.49000549316406,139.66000366210938,25144700,Google
2024-02-21 00:00:00+00:00,142.19789123535156,142.5500030517578,142.69000244140625,140.67999267578125,141.4499969482422,23315700,Google
2024-02-22 00:00:00+00:00,143.7340850830078,144.08999633789062,145.0,142.8000030517578,144.92999267578125,27191900,Google
2024-02-23 00:00:00+00:00,143.6044158935547,143.9600067138672,144.67999267578125,143.42999267578125,143.6699981689453,19493800,Google
2024-02-26 00:00:00+00:00,137.23020935058594,137.57000732421875,142.44000244140625,137.38999938964844,142.13999938964844,53641800,Google
2024-02-27 00:00:00+00:00,138.53695678710938,138.8800048828125,139.25,137.08999633789062,138.02000427246094,33099200,Google
2024-02-28 00:00:00+00:00,136.0431365966797,136.3800048828125,138.00999450683594,135.41000366210938,137.89999389648438,37328600,Google
2024-02-29 00:00:00+00:00,138.11801147460938,138.4600067138672,138.86000061035156,136.39999389648438,137.27999877929688,42133000,Google
2024-03-01 00:00:00+00:00,136.80125427246094,137.13999938964844,138.8699951171875,136.9199981689453,138.42999267578125,31119500,Google
2024-03-04 00:00:00+00:00,133.0206298828125,133.35000610351562,135.66000366210938,131.91000366210938,135.66000366210938,55999400,Google
2024-03-05 00:00:00+00:00,132.34230041503906,132.6699981689453,133.24000549316406,130.6699981689453,131.8800048828125,40194800,Google
2024-03-06 00:00:00+00:00,131.07542419433594,131.39999389648438,133.5800018310547,130.85000610351562,133.1199951171875,35318600,Google
2024-03-07 00:00:00+00:00,134.04808044433594,134.3800048828125,134.94000244140625,131.61000061035156,132.7899932861328,37738200,Google
2024-03-08 00:00:00+00:00,135.07553100585938,135.41000366210938,138.08999633789062,134.0,134.2100067138672,39343100,Google
2024-03-11 00:00:00+00:00,137.32994079589844,137.6699981689453,139.10000610351562,136.1300048828125,136.1300048828125,32437800,Google
2024-03-12 00:00:00+00:00,138.15789794921875,138.5,139.3800048828125,137.02999877929688,137.02999877929688,27563400,Google
2024-03-13 00:00:00+00:00,139.4447021484375,139.7899932861328,141.08999633789062,138.99000549316406,139.0,23347200,Google
2024-03-14 00:00:00+00:00,142.7465362548828,143.10000610351562,143.58999633789062,140.4600067138672,141.19000244140625,42753400,Google
2024-03-15 00:00:00+00:00,140.83126831054688,141.17999267578125,143.17999267578125,140.02999877929688,142.5,49460600,Google
2024-03-18 00:00:00+00:00,147.31521606445312,147.67999267578125,152.14999389648438,147.1699981689453,148.61000061035156,69273700,Google
2024-03-19 00:00:00+00:00,146.6668243408203,147.02999877929688,148.7899932861328,146.0800018310547,148.16000366210938,24070400,Google
2024-03-20 00:00:00+00:00,148.3726043701172,148.74000549316406,148.86000061035156,146.74000549316406,148.0,21311500,Google
2024-03-21 00:00:00+00:00,147.2354278564453,147.60000610351562,150.3699951171875,146.89999389648438,149.47000122070312,24755600,Google
2024-03-22 00:00:00+00:00,150.39759826660156,150.77000427246094,151.5800018310547,148.97999572753906,149.1199951171875,29175700,Google
2024-03-25 00:00:00+00:00,149.69932556152344,150.07000732421875,150.3800048828125,147.82000732421875,149.94000244140625,19229300,Google
2024-03-26 00:00:00+00:00,150.29783630371094,150.6699981689453,152.25999450683594,149.97999572753906,150.22000122070312,22149100,Google
2024-03-27 00:00:00+00:00,150.49732971191406,150.8699951171875,151.63999938964844,148.89999389648438,151.17999267578125,22879200,Google
2024-03-28 00:00:00+00:00,150.55718994140625,150.92999267578125,151.42999267578125,150.1699981689453,150.85000610351562,24485400,Google
2024-04-01 00:00:00+00:00,155.10594177246094,155.49000549316406,155.74000549316406,150.61000061035156,150.69000244140625,31730800,Google
2024-04-02 00:00:00+00:00,154.17822265625,154.55999755859375,154.6999969482422,152.14999389648438,153.5,24586000,Google
2024-04-03 00:00:00+00:00,154.53733825683594,154.9199981689453,155.0800018310547,152.72999572753906,153.60000610351562,24705000,Google
2024-04-04 00:00:00+00:00,150.15818786621094,150.52999877929688,154.77000427246094,150.4499969482422,153.5,34724700,Google
2024-04-05 00:00:00+00:00,152.12332153320312,152.5,153.4199981689453,149.60000610351562,150.02999877929688,23449300,Google
2024-04-08 00:00:00+00:00,154.46751403808594,154.85000610351562,155.27000427246094,152.61000061035156,152.77999877929688,20702000,Google
2024-04-09 00:00:00+00:00,156.21319580078125,156.60000610351562,158.55999755859375,155.19000244140625,156.08999633789062,31113000,Google
2024-04-10 00:00:00+00:00,155.7543182373047,156.13999938964844,156.61000061035156,154.67999267578125,156.2100067138672,22838600,Google
2024-04-11 00:00:00+00:00,159.01625061035156,159.41000366210938,159.67999267578125,156.4600067138672,156.91000366210938,27166400,Google
2024-04-12 00:00:00+00:00,157.34039306640625,157.72999572753906,160.22000122070312,157.13999938964844,157.9600067138672,25329200,Google
2024-04-15 00:00:00+00:00,154.4774932861328,154.86000061035156,159.24000549316406,154.58999633789062,158.86000061035156,27136500,Google
2024-04-16 00:00:00+00:00,154.01861572265625,154.39999389648438,155.64999389648438,153.42999267578125,154.19000244140625,20779500,Google
2024-04-17 00:00:00+00:00,155.0859832763672,155.47000122070312,157.0800018310547,154.5800018310547,155.6199951171875,21763100,Google
2024-04-18 00:00:00+00:00,155.6246337890625,156.00999450683594,156.94000244140625,154.6199951171875,155.33999633789062,19883000,Google
2024-04-19 00:00:00+00:00,153.70938110351562,154.08999633789062,156.36000061035156,152.3000030517578,156.1999969482422,32239100,Google
2024-04-22 00:00:00+00:00,155.89398193359375,156.27999877929688,157.63999938964844,154.05999755859375,154.30999755859375,26446200,Google
2024-04-23 00:00:00+00:00,157.86907958984375,158.25999450683594,158.97000122070312,156.27999877929688,156.9600067138672,21151600,Google
2024-04-24 00:00:00+00:00,158.73695373535156,159.1300048828125,159.57000732421875,157.1699981689453,157.49000549316406,22779100,Google
2024-04-25 00:00:00+00:00,155.6146697998047,156.0,156.49000549316406,150.8699951171875,151.3300018310547,57109700,Google
2024-04-26 00:00:00+00:00,171.52528381347656,171.9499969482422,174.7100067138672,169.64999389648438,174.3699951171875,64665300,Google
2024-04-29 00:00:00+00:00,165.73959350585938,166.14999389648438,169.5500030517578,165.2100067138672,169.05999755859375,45610000,Google
2024-04-30 00:00:00+00:00,162.3779296875,162.77999877929688,168.10000610351562,162.60000610351562,165.61000061035156,33562900,Google
2024-05-01 00:00:00+00:00,163.4552459716797,163.86000061035156,167.1199951171875,163.08999633789062,164.3000030517578,33493200,Google
2024-05-02 00:00:00+00:00,166.20843505859375,166.6199951171875,166.72999572753906,163.88999938964844,164.7899932861328,24294500,Google
2024-05-03 00:00:00+00:00,166.826904296875,167.24000549316406,167.9600067138672,163.0500030517578,167.55999755859375,34662400,Google
2024-05-06 00:00:00+00:00,167.68479919433594,168.10000610351562,168.13999938964844,166.02999877929688,167.4600067138672,21871300,Google
2024-05-07 00:00:00+00:00,170.82699584960938,171.25,171.75999450683594,168.38999938964844,168.5,28039700,Google
2024-05-08 00:00:00+00:00,168.96163940429688,169.3800048828125,170.14999389648438,168.74000549316406,169.0,19569100,Google
2024-05-09 00:00:00+00:00,169.54019165039062,169.9600067138672,170.69000244140625,168.17999267578125,169.38999938964844,15346700,Google
2024-05-10 00:00:00+00:00,168.23342895507812,168.64999389648438,169.85000610351562,166.19000244140625,168.02999877929688,29799900,Google
2024-05-13 00:00:00+00:00,168.7222137451172,169.13999938964844,169.27999877929688,164.0,164.25999450683594,31327600,Google
2024-05-14 00:00:00+00:00,169.91925048828125,170.33999633789062,171.25,168.8000030517578,169.77000427246094,25127100,Google
2024-05-15 00:00:00+00:00,172.08389282226562,172.50999450683594,172.64999389648438,170.50999450683594,170.6300048828125,26948400,Google
2024-05-16 00:00:00+00:00,173.749755859375,174.17999267578125,175.1199951171875,172.69000244140625,173.2899932861328,27867900,Google
2024-05-17 00:00:00+00:00,175.6251220703125,176.05999755859375,176.27000427246094,173.69000244140625,174.17999267578125,24479300,Google
2024-05-20 00:00:00+00:00,176.48300170898438,176.9199981689453,178.77000427246094,176.0800018310547,176.19000244140625,22554400,Google
2024-05-21 00:00:00+00:00,177.41070556640625,177.85000610351562,178.14999389648438,175.80999755859375,176.89999389648438,16989400,Google
2024-05-22 00:00:00+00:00,175.9443359375,176.3800048828125,177.14999389648438,175.2100067138672,176.63999938964844,17880000,Google
2024-05-23 00:00:00+00:00,173.12132263183594,173.5500030517578,178.25,172.9499969482422,177.07000732421875,21024900,Google
2024-05-24 00:00:00+00:00,174.55776977539062,174.99000549316406,175.77000427246094,173.64999389648438,174.97999572753906,16572500,Google
2024-05-28 00:00:00+00:00,175.9642791748047,176.39999389648438,177.27000427246094,174.3699951171875,174.4499969482422,20572200,Google
2024-05-29 00:00:00+00:00,175.46551513671875,175.89999389648438,176.83999633789062,174.72000122070312,175.42999267578125,23388700,Google
2024-05-30 00:00:00+00:00,171.6848907470703,172.11000061035156,175.22000122070312,171.7899932861328,175.1999969482422,22958700,Google
2024-05-31 00:00:00+00:00,172.07391357421875,172.5,173.05999755859375,169.44000244140625,171.86000061035156,37638900,Google
2024-06-03 00:00:00+00:00,172.7422637939453,173.1699981689453,174.52999877929688,171.16000366210938,172.5399932861328,27459100,Google
2024-06-04 00:00:00+00:00,173.3607177734375,173.7899932861328,173.85000610351562,171.88999938964844,173.27999877929688,26879600,Google
2024-06-05 00:00:00+00:00,174.97674560546875,175.41000366210938,176.64999389648438,173.92999267578125,175.1999969482422,22068500,Google
2024-06-06 00:00:00+00:00,176.29345703125,176.72999572753906,177.14999389648438,175.75,175.89999389648438,23251000,Google
2024-06-07 00:00:00+00:00,174.02908325195312,174.4600067138672,177.8699951171875,174.3000030517578,177.0500030517578,19661400,Google
2024-06-10 00:00:00+00:00,174.778076171875,175.00999450683594,177.05999755859375,172.75999450683594,174.97000122070312,23779200,Google
2024-06-11 00:00:00+00:00,176.3859405517578,176.6199951171875,176.83999633789062,173.77000427246094,176.22000122070312,21540600,Google
2024-06-12 00:00:00+00:00,177.55438232421875,177.7899932861328,180.41000366210938,176.11000061035156,178.25,27864700,Google
2024-06-13 00:00:00+00:00,174.92788696289062,175.16000366210938,176.74000549316406,174.8800048828125,176.11000061035156,20913300,Google
2024-06-14 00:00:00+00:00,176.5557098388672,176.7899932861328,177.05999755859375,174.14999389648438,174.22000122070312,18063600,Google
2024-06-17 00:00:00+00:00,177.005126953125,177.24000549316406,178.36000061035156,174.80999755859375,175.4600067138672,19618500,Google
2024-06-18 00:00:00+00:00,174.85797119140625,175.08999633789062,177.38999938964844,174.10000610351562,177.13999938964844,21869900,Google
2024-06-20 00:00:00+00:00,176.06637573242188,176.3000030517578,177.2899932861328,174.99000549316406,175.3699951171875,20160100,Google
2024-06-21 00:00:00+00:00,179.3919677734375,179.6300048828125,180.85000610351562,176.61000061035156,177.0,58582700,Google
2024-06-24 00:00:00+00:00,178.9824981689453,179.22000122070312,180.88999938964844,178.6699981689453,180.16000366210938,18298000,Google
2024-06-25 00:00:00+00:00,183.78611755371094,184.02999877929688,184.2899932861328,179.4199981689453,179.6199951171875,23235600,Google
2024-06-26 00:00:00+00:00,183.63632202148438,183.8800048828125,184.50999450683594,182.47999572753906,182.6300048828125,19839000,Google
2024-06-27 00:00:00+00:00,185.164306640625,185.41000366210938,186.0500030517578,184.02000427246094,184.17999267578125,18848900,Google
2024-06-28 00:00:00+00:00,181.9086151123047,182.14999389648438,185.1300048828125,181.9600067138672,184.32000732421875,29156600,Google
2024-07-01 00:00:00+00:00,182.7475128173828,182.99000549316406,183.8800048828125,181.3000030517578,183.02999877929688,16006100,Google
2024-07-02 00:00:00+00:00,184.99452209472656,185.24000549316406,185.57000732421875,181.55999755859375,182.0500030517578,17372500,Google
2024-07-03 00:00:00+00:00,185.57376098632812,185.82000732421875,186.08999633789062,184.0,184.85000610351562,10242100,Google
2024-07-05 00:00:00+00:00,190.34742736816406,190.60000610351562,190.86000061035156,185.8000030517578,185.86000061035156,20967500,Google
2024-07-08 00:00:00+00:00,188.7794952392578,189.02999877929688,190.1699981689453,187.77999877929688,189.89999389648438,21035900,Google
2024-07-09 00:00:00+00:00,188.7295684814453,188.97999572753906,191.36000061035156,188.72000122070312,190.30999755859375,15121400,Google
2024-07-10 00:00:00+00:00,190.9266357421875,191.17999267578125,191.75,189.02999877929688,189.14999389648438,15952500,Google
2024-07-11 00:00:00+00:00,185.3240966796875,185.57000732421875,190.86000061035156,185.0800018310547,189.85000610351562,25625800,Google
2024-07-12 00:00:00+00:00,184.8247528076172,185.07000732421875,187.11000061035156,184.49000549316406,185.0800018310547,22898400,Google
2024-07-15 00:00:00+00:00,186.28280639648438,186.52999877929688,188.24000549316406,184.9199981689453,184.9199981689453,16474000,Google
2024-07-16 00:00:00+00:00,183.67626953125,183.9199981689453,188.67999267578125,183.3699951171875,187.36000061035156,18290700,Google
2024-07-17 00:00:00+00:00,180.78012084960938,181.02000427246094,183.5500030517578,179.89999389648438,182.97000122070312,20734100,Google
2024-07-18 00:00:00+00:00,177.45452880859375,177.69000244140625,182.5,176.47000122070312,181.92999267578125,25315700,Google
2024-07-19 00:00:00+00:00,177.42457580566406,177.66000366210938,180.2899932861328,177.1300048828125,178.8800048828125,18881900,Google
2024-07-22 00:00:00+00:00,181.4292449951172,181.6699981689453,182.6999969482422,180.22999572753906,180.58999633789062,24100300,Google
2024-07-23 00:00:00+00:00,181.54908752441406,181.7899932861328,183.61000061035156,181.5399932861328,182.0500030517578,36352700,Google
2024-07-24 00:00:00+00:00,172.40122985839844,172.6300048828125,176.19000244140625,171.82000732421875,173.60000610351562,49585200,Google
2024-07-25 00:00:00+00:00,167.05831909179688,167.27999877929688,173.4199981689453,167.19000244140625,172.52000427246094,44852000,Google
2024-07-26 00:00:00+00:00,166.7786865234375,167.0,168.08999633789062,164.05999755859375,167.14999389648438,41336900,Google
2024-07-29 00:00:00+00:00,169.3053436279297,169.52999877929688,170.42999267578125,167.99000549316406,168.8300018310547,20293800,Google
2024-07-30 00:00:00+00:00,170.0643310546875,170.2899932861328,171.22999572753906,168.44000244140625,170.24000549316406,18959700,Google
2024-01-02 00:00:00+00:00,345.2505187988281,346.2900085449219,353.1600036621094,340.010009765625,351.32000732421875,19042200,Meta
2024-01-03 00:00:00+00:00,343.43597412109375,344.4700012207031,347.95001220703125,343.17999267578125,344.9800109863281,15451100,Meta
2024-01-04 00:00:00+00:00,346.0780029296875,347.1199951171875,348.1499938964844,343.3999938964844,344.5,12099900,Meta
2024-01-05 00:00:00+00:00,350.89349365234375,351.95001220703125,353.5,346.260009765625,346.989990234375,13920700,Meta
2024-01-08 00:00:00+00:00,357.5833435058594,358.6600036621094,358.9800109863281,352.04998779296875,354.70001220703125,13890200,Meta
2024-01-09 00:00:00+00:00,356.3570251464844,357.42999267578125,360.6400146484375,355.3599853515625,356.3999938964844,13463900,Meta
2024-01-10 00:00:00+00:00,369.35791015625,370.4700012207031,372.94000244140625,359.0799865722656,360.1700134277344,22117200,Meta
2024-01-11 00:00:00+00:00,368.560302734375,369.6700134277344,372.7799987792969,362.92999267578125,372.1300048828125,17205400,Meta
2024-01-12 00:00:00+00:00,373.3658447265625,374.489990234375,377.05999755859375,369.5400085449219,370.1600036621094,19295700,Meta
2024-01-16 00:00:00+00:00,366.35693359375,367.4599914550781,375.6099853515625,367.2300109863281,373.6499938964844,15306900,Meta
2024-01-17 00:00:00+00:00,367.26422119140625,368.3699951171875,368.5400085449219,358.6099853515625,366.29998779296875,12724800,Meta
2024-01-18 00:00:00+00:00,375.00091552734375,376.1300048828125,376.8500061035156,370.95001220703125,371.489990234375,16354300,Meta
2024-01-19 00:00:00+00:00,382.2989501953125,383.45001220703125,384.3599853515625,377.9700012207031,379.0,21470100,Meta
2024-01-22 00:00:00+00:00,380.6339416503906,381.7799987792969,390.3500061035156,381.1600036621094,387.95001220703125,17680500,Meta
2024-01-23 00:00:00+00:00,384.043701171875,385.20001220703125,388.3800048828125,382.0799865722656,384.6199951171875,15506100,Meta
2024-01-24 00:00:00+00:00,389.5271911621094,390.70001220703125,396.1499938964844,387.80999755859375,390.0,15698500,Meta
2024-01-25 00:00:00+00:00,391.999755859375,393.17999267578125,395.489990234375,385.6600036621094,390.1700134277344,15091100,Meta
2024-01-26 00:00:00+00:00,392.95684814453125,394.1400146484375,396.7900085449219,391.5899963378906,394.3500061035156,13163700,Meta
2024-01-29 00:00:00+00:00,399.8161926269531,401.0199890136719,402.92999267578125,393.1000061035156,394.989990234375,18742400,Meta
2024-01-30 00:00:00+00:00,398.85906982421875,400.05999755859375,406.3599853515625,399.57000732421875,403.5899963378906,18614700,Meta
2024-01-31 00:00:00+00:00,388.9688720703125,390.1400146484375,398.0,387.1000061035156,389.0,20180800,Meta
2024-02-01 00:00:00+00:00,393.5949401855469,394.7799987792969,400.5,393.04998779296875,393.94000244140625,29727100,Meta
2024-02-02 00:00:00+00:00,473.56414794921875,474.989990234375,485.9599914550781,453.010009765625,459.6000061035156,84615500,Meta
2024-02-05 00:00:00+00:00,458.0309143066406,459.4100036621094,471.8999938964844,459.2200012207031,469.8800048828125,40832400,Meta
2024-02-06 00:00:00+00:00,453.35498046875,454.7200012207031,467.1199951171875,453.0,464.0,21655200,Meta
2024-02-07 00:00:00+00:00,468.1803283691406,469.5899963378906,471.5199890136719,456.17999267578125,458.0,23066000,Meta
2024-02-08 00:00:00+00:00,468.5891418457031,470.0,470.5899963378906,465.0299987792969,468.32000732421875,18815100,Meta
2024-02-09 00:00:00+00:00,466.7048034667969,468.1099853515625,473.5899963378906,467.4700012207031,472.95001220703125,18413100,Meta
2024-02-12 00:00:00+00:00,467.4924011230469,468.8999938964844,479.1499938964844,466.5799865722656,468.19000244140625,19382000,Meta
2024-02-13 00:00:00+00:00,458.73876953125,460.1199951171875,467.8900146484375,455.0899963378906,456.8699951171875,20916600,Meta
2024-02-14 00:00:00+00:00,471.8592529296875,473.2799987792969,474.1099853515625,466.0899963378906,467.92999267578125,16858400,Meta
2024-02-15 00:00:00+00:00,482.5770263671875,484.0299987792969,488.6199951171875,472.2200012207031,475.2799987792969,24212300,Meta
2024-02-16 00:00:00+00:00,471.899169921875,473.32000732421875,478.9599914550781,469.2099914550781,478.1099853515625,23306500,Meta
2024-02-20 00:00:00+00:00,470.3338928222656,471.75,476.17999267578125,466.55999755859375,469.7200012207031,18015500,Meta
2024-02-21 00:00:00+00:00,467.1201477050781,468.0299987792969,469.0,461.7900085449219,466.5,12977100,Meta
2024-02-22 00:00:00+00:00,485.1849670410156,486.1300048828125,489.989990234375,476.05999755859375,480.239990234375,21625800,Meta
2024-02-23 00:00:00+00:00,483.08905029296875,484.0299987792969,494.3599853515625,482.3500061035156,488.04998779296875,18374300,Meta
2024-02-26 00:00:00+00:00,480.803466796875,481.739990234375,486.1400146484375,480.6000061035156,483.4700012207031,12101400,Meta
2024-02-27 00:00:00+00:00,486.1031494140625,487.04998779296875,487.2699890136719,479.9200134277344,479.9800109863281,10809600,Meta
2024-02-28 00:00:00+00:00,483.07904052734375,484.0199890136719,491.04998779296875,482.75,485.0,12715500,Meta
2024-02-29 00:00:00+00:00,489.17718505859375,490.1300048828125,491.70001220703125,482.6099853515625,488.44000244140625,17732000,Meta
2024-03-01 00:00:00+00:00,501.3235168457031,502.29998779296875,504.25,491.8500061035156,492.1099853515625,16273600,Meta
2024-03-04 00:00:00+00:00,497.22149658203125,498.19000244140625,504.4200134277344,496.4200134277344,503.0,12324100,Meta
2024-03-05 00:00:00+00:00,489.2669982910156,490.2200012207031,495.5799865722656,487.8900146484375,495.0,15325300,Meta
2024-03-06 00:00:00+00:00,495.1255798339844,496.0899963378906,502.9700012207031,494.2900085449219,497.6300048828125,11757900,Meta
2024-03-07 00:00:00+00:00,511.1943054199219,512.1900024414062,519.8499755859375,501.3800048828125,503.2799987792969,18586400,Meta
2024-03-08 00:00:00+00:00,504.9664306640625,505.95001220703125,523.5700073242188,499.3500061035156,514.1900024414062,18575200,Meta
2024-03-11 00:00:00+00:00,482.6498718261719,483.5899963378906,497.32000732421875,476.0,497.010009765625,20428300,Meta
2024-03-12 00:00:00+00:00,498.77850341796875,499.75,502.30999755859375,484.7300109863281,493.260009765625,15448200,Meta
2024-03-13 00:00:00+00:00,494.6065979003906,495.57000732421875,500.9800109863281,491.0299987792969,495.3900146484375,12090700,Meta
2024-03-14 00:00:00+00:00,490.8738708496094,491.8299865722656,501.3500061035156,488.1600036621094,500.260009765625,12620000,Meta
2024-03-15 00:00:00+00:00,483.1589050292969,484.1000061035156,491.8299865722656,481.29998779296875,489.010009765625,29141700,Meta
2024-03-18 00:00:00+00:00,496.0138854980469,496.9800109863281,497.4200134277344,486.80999755859375,491.9100036621094,11755300,Meta
2024-03-19 00:00:00+00:00,495.2752990722656,496.239990234375,496.6300048828125,481.2799987792969,488.1700134277344,10903100,Meta
2024-03-20 00:00:00+00:00,504.5372314453125,505.5199890136719,508.20001220703125,495.1700134277344,499.5,11711100,Meta
2024-03-21 00:00:00+00:00,506.7729187011719,507.760009765625,515.0399780273438,506.010009765625,514.7100219726562,9712500,Meta
2024-03-22 00:00:00+00:00,508.58935546875,509.5799865722656,509.9700012207031,504.3399963378906,507.0,8117000,Meta
2024-03-25 00:00:00+00:00,502.0420837402344,503.0199890136719,507.2200012207031,500.239990234375,505.7900085449219,8380600,Meta
2024-03-26 00:00:00+00:00,494.9259948730469,495.8900146484375,510.0,495.2099914550781,505.1300048828125,11205400,Meta
2024-03-27 00:00:00+00:00,492.8999328613281,493.8599853515625,499.8900146484375,488.07000732421875,499.29998779296875,9989700,Meta
2024-03-28 00:00:00+00:00,484.6360168457031,485.5799865722656,492.8900146484375,485.1499938964844,492.8399963378906,15212800,Meta
2024-04-01 00:00:00+00:00,490.3948059082031,491.3500061035156,497.42999267578125,481.7799987792969,487.20001220703125,9247000,Meta
2024-04-02 00:00:00+00:00,496.4031066894531,497.3699951171875,497.5299987792969,484.6499938964844,485.1000061035156,11081000,Meta
2024-04-03 00:00:00+00:00,505.7548828125,506.739990234375,507.239990234375,498.75,498.92999267578125,12099200,Meta
2024-04-04 00:00:00+00:00,509.9267883300781,510.9200134277344,530.0,510.5799865722656,516.4199829101562,26476300,Meta
2024-04-05 00:00:00+00:00,526.3148193359375,527.3400268554688,530.7000122070312,514.4099731445312,516.8599853515625,19242000,Meta
2024-04-08 00:00:00+00:00,518.2406005859375,519.25,531.489990234375,518.8900146484375,529.280029296875,13260600,Meta
2024-04-09 00:00:00+00:00,515.8951416015625,516.9000244140625,525.8699951171875,506.739990234375,522.22998046875,10881400,Meta
2024-04-10 00:00:00+00:00,518.8194580078125,519.8300170898438,522.5599975585938,505.79998779296875,509.2900085449219,11418500,Meta
2024-04-11 00:00:00+00:00,522.1429443359375,523.1599731445312,523.8599853515625,517.2899780273438,521.1099853515625,10369500,Meta
2024-04-12 00:00:00+00:00,510.90484619140625,511.8999938964844,520.1900024414062,509.3299865722656,517.75,11944900,Meta
2024-04-15 00:00:00+00:00,499.257568359375,500.2300109863281,518.530029296875,497.2799987792969,516.719970703125,13512900,Meta
2024-04-16 00:00:00+00:00,498.7884521484375,499.760009765625,504.7699890136719,497.1099853515625,498.1099853515625,9847900,Meta
2024-04-17 00:00:00+00:00,493.2093505859375,494.1700134277344,503.1600036621094,487.1400146484375,503.1000061035156,12193700,Meta
2024-04-18 00:00:00+00:00,500.8244934082031,501.79998779296875,512.2100219726562,499.0400085449219,499.82000732421875,14808700,Meta
2024-04-19 00:00:00+00:00,480.1347961425781,481.07000732421875,502.79998779296875,475.7300109863281,502.79998779296875,25111000,Meta
2024-04-22 00:00:00+00:00,480.79351806640625,481.7300109863281,492.010009765625,473.3999938964844,489.7200012207031,17271100,Meta
2024-04-23 00:00:00+00:00,495.1355895996094,496.1000061035156,498.760009765625,488.9700012207031,491.25,15079200,Meta
2024-04-24 00:00:00+00:00,492.5406494140625,493.5,510.0,484.5799865722656,508.05999755859375,37772700,Meta
2024-04-25 00:00:00+00:00,440.5219421386719,441.3800048828125,445.7699890136719,414.5,421.3999938964844,82890700,Meta
2024-04-26 00:00:00+00:00,442.4282531738281,443.2900085449219,446.44000244140625,431.9599914550781,441.4599914550781,32691400,Meta
2024-04-29 00:00:00+00:00,431.7789611816406,432.6199951171875,439.760009765625,428.55999755859375,439.55999755859375,21502600,Meta
2024-04-30 00:00:00+00:00,429.3337707519531,430.1700134277344,439.6199951171875,429.7200012207031,431.04998779296875,18429500,Meta
2024-05-01 00:00:00+00:00,438.3362121582031,439.19000244140625,449.9599914550781,427.1099853515625,428.6000061035156,20344900,Meta
2024-05-02 00:00:00+00:00,440.82135009765625,441.67999267578125,443.9599914550781,432.2799987792969,438.8399963378906,15221300,Meta
2024-05-03 00:00:00+00:00,451.08135986328125,451.9599914550781,454.1700134277344,443.8500061035156,445.92999267578125,16489100,Meta
2024-05-06 00:00:00+00:00,464.77471923828125,465.67999267578125,466.1600036621094,453.3399963378906,455.5799865722656,15094600,Meta
2024-05-07 00:00:00+00:00,467.3297424316406,468.239990234375,471.5299987792969,461.30999755859375,466.2900085449219,13406800,Meta
2024-05-08 00:00:00+00:00,471.6812438964844,472.6000061035156,475.5799865722656,463.0,463.5,11683900,Meta
2024-05-09 00:00:00+00:00,474.49578857421875,475.4200134277344,476.0799865722656,467.6300048828125,470.0,9437700,Meta
2024-05-10 00:00:00+00:00,475.2742614746094,476.20001220703125,477.5,469.6000061035156,477.0899963378906,10750000,Meta
2024-05-13 00:00:00+00:00,467.1001892089844,468.010009765625,473.3500061035156,462.8500061035156,472.75,14668800,Meta
2024-05-14 00:00:00+00:00,470.9327392578125,471.8500061035156,472.5400085449219,460.0799865722656,463.3699951171875,10478600,Meta
2024-05-15 00:00:00+00:00,480.6038818359375,481.5400085449219,482.5,471.20001220703125,474.9800109863281,13100500,Meta
2024-05-16 00:00:00+00:00,472.31005859375,473.2300109863281,477.69000244140625,472.75,475.0,16608200,Meta
2024-05-17 00:00:00+00:00,470.99261474609375,471.9100036621094,472.79998779296875,468.4200134277344,470.8299865722656,10807300,Meta
2024-05-20 00:00:00+00:00,467.9285583496094,468.8399963378906,473.20001220703125,467.0400085449219,469.95001220703125,11745100,Meta
2024-05-21 00:00:00+00:00,463.72674560546875,464.6300048828125,470.70001220703125,462.2699890136719,467.1199951171875,11742200,Meta
2024-05-22 00:00:00+00:00,466.8706359863281,467.7799987792969,473.7200012207031,465.6499938964844,467.8699951171875,10078600,Meta
2024-05-23 00:00:00+00:00,464.87451171875,465.7799987792969,474.3599853515625,461.5400085449219,472.8800048828125,11747900,Meta
2024-05-24 00:00:00+00:00,477.29034423828125,478.2200012207031,479.8500061035156,466.29998779296875,467.6199951171875,12012300,Meta
2024-05-28 00:00:00+00:00,478.987060546875,479.9200134277344,480.8599853515625,474.8399963378906,476.5799865722656,10175800,Meta
2024-05-29 00:00:00+00:00,473.4378356933594,474.3599853515625,479.8500061035156,473.70001220703125,474.6600036621094,9226200,Meta
2024-05-30 00:00:00+00:00,466.14202880859375,467.04998779296875,471.7300109863281,464.7099914550781,471.6700134277344,10735200,Meta
2024-05-31 00:00:00+00:00,465.9224853515625,466.8299865722656,469.1199951171875,454.4599914550781,465.79998779296875,16919800,Meta
2024-06-03 00:00:00+00:00,476.5617370605469,477.489990234375,479.6000061035156,468.239990234375,470.8599853515625,11279400,Meta
2024-06-04 00:00:00+00:00,476.0627136230469,476.989990234375,478.8900146484375,473.2300109863281,477.0,7088700,Meta
2024-06-05 00:00:00+00:00,494.09759521484375,495.05999755859375,496.6499938964844,483.9100036621094,484.45001220703125,15690500,Meta
2024-06-06 00:00:00+00:00,492.8001403808594,493.760009765625,502.82000732421875,490.8900146484375,492.9800109863281,10667300,Meta
2024-06-07 00:00:00+00:00,492.0016784667969,492.9599914550781,498.9100036621094,490.1700134277344,495.9100036621094,9380700,Meta
2024-06-10 00:00:00+00:00,501.6229553222656,502.6000061035156,502.6600036621094,493.4100036621094,493.8599853515625,11236900,Meta
2024-06-11 00:00:00+00:00,506.48345947265625,507.4700012207031,507.6000061035156,498.2699890136719,500.1600036621094,9673700,Meta
2024-06-12 00:00:00+00:00,507.8507995605469,508.8399963378906,514.010009765625,504.4700012207031,513.989990234375,11983200,Meta
2024-06-13 00:00:00+00:00,503.1200256347656,504.1000061035156,509.3599853515625,501.3599853515625,505.7099914550781,9954600,Meta
2024-06-14 00:00:00+00:00,503.67950439453125,504.1600036621094,507.1499938964844,500.75,502.6499938964844,10243300,Meta
2024-06-17 00:00:00+00:00,506.14715576171875,506.6300048828125,510.75,496.010009765625,501.6700134277344,11266600,Meta
2024-06-18 00:00:00+00:00,499.0139465332031,499.489990234375,506.0,495.0199890136719,504.55999755859375,13060400,Meta
2024-06-20 00:00:00+00:00,501.22186279296875,501.70001220703125,503.6700134277344,496.7699890136719,502.0,11801200,Meta
2024-06-21 00:00:00+00:00,494.3084411621094,494.7799987792969,503.45001220703125,492.3900146484375,503.45001220703125,23130700,Meta
2024-06-24 00:00:00+00:00,498.43450927734375,498.9100036621094,507.79998779296875,494.2900085449219,499.20001220703125,13525300,Meta
2024-06-25 00:00:00+00:00,510.1133728027344,510.6000061035156,510.7099914550781,495.5,497.04998779296875,12109800,Meta
2024-06-26 00:00:00+00:00,512.6309814453125,513.1199951171875,513.8099975585938,504.67999267578125,506.6499938964844,8882300,Meta
2024-06-27 00:00:00+00:00,519.0648193359375,519.5599975585938,522.8800048828125,513.9000244140625,514.25,10121200,Meta
2024-06-28 00:00:00+00:00,503.73944091796875,504.2200012207031,521.8800048828125,503.8399963378906,517.1500244140625,15855100,Meta
2024-07-01 00:00:00+00:00,504.1990051269531,504.67999267578125,506.5799865722656,493.1700134277344,504.95001220703125,10328200,Meta
2024-07-02 00:00:00+00:00,509.014404296875,509.5,510.5,499.45001220703125,500.760009765625,7739500,Meta
2024-07-03 00:00:00+00:00,509.4739685058594,509.9599914550781,511.2799987792969,506.0199890136719,506.3699951171875,6005600,Meta
2024-07-05 00:00:00+00:00,539.3953857421875,539.9099731445312,540.8699951171875,511.6000061035156,511.6000061035156,21354100,Meta
2024-07-08 00:00:00+00:00,528.8155517578125,529.3200073242188,542.8099975585938,526.6500244140625,542.3499755859375,14917500,Meta
2024-07-09 00:00:00+00:00,529.494873046875,530.0,537.47998046875,528.1900024414062,533.75,8753200,Meta
2024-07-10 00:00:00+00:00,534.180419921875,534.6900024414062,538.8800048828125,528.3599853515625,530.7899780273438,10983300,Meta
2024-07-11 00:00:00+00:00,512.2113647460938,512.7000122070312,535.4600219726562,508.3699951171875,530.8900146484375,16458300,Meta
2024-07-12 00:00:00+00:00,498.39453125,498.8699951171875,508.0899963378906,494.2300109863281,497.760009765625,19750500,Meta
2024-07-15 00:00:00+00:00,495.6871337890625,496.1600036621094,506.67999267578125,493.3699951171875,498.6300048828125,12539200,Meta
2024-07-16 00:00:00+00:00,489.3232116699219,489.7900085449219,503.95001220703125,485.7900085449219,501.5,14075800,Meta
2024-07-17 00:00:00+00:00,461.5496826171875,461.989990234375,479.1700134277344,459.1199951171875,479.1700134277344,28076600,Meta
2024-07-18 00:00:00+00:00,475.396484375,475.8500061035156,479.239990234375,464.5400085449219,475.0,19267200,Meta
2024-07-19 00:00:00+00:00,476.3356018066406,476.7900085449219,486.7099914550781,475.7099914550781,476.05999755859375,15149400,Meta
2024-07-22 00:00:00+00:00,486.9354553222656,487.3999938964844,492.05999755859375,483.8999938964844,486.5799865722656,12023100,Meta
2024-07-23 00:00:00+00:00,488.2242431640625,488.69000244140625,495.2200012207031,487.7200012207031,489.8399963378906,9455500,Meta
2024-07-24 00:00:00+00:00,460.8303527832031,461.2699890136719,476.29998779296875,460.5799865722656,472.30999755859375,17649700,Meta
2024-07-25 00:00:00+00:00,452.9778747558594,453.4100036621094,463.54998779296875,442.6499938964844,463.260009765625,18240500,Meta
2024-07-26 00:00:00+00:00,465.25616455078125,465.70001220703125,469.7699890136719,459.4200134277344,464.20001220703125,14222400,Meta
2024-07-29 00:00:00+00:00,465.2661437988281,465.7099914550781,473.9599914550781,465.0199890136719,469.8800048828125,11339600,Meta
2024-07-30 00:00:00+00:00,462.74853515625,463.19000244140625,472.7300109863281,456.70001220703125,467.0,11390400,Meta
